<?xml version='1.0' encoding='utf-8'?>
<!--
 FreeCAD Document, see http://www.freecadweb.org for more information...
-->
<Document SchemaVersion="4" ProgramVersion="0.16R6712 (Git)" FileVersion="1">
    <Properties Count="13">
        <Property name="Comment" type="App::PropertyString">
            <String value=""/>
        </Property>
        <Property name="Company" type="App::PropertyString">
            <String value=""/>
        </Property>
        <Property name="CreatedBy" type="App::PropertyString">
            <String value=""/>
        </Property>
        <Property name="CreationDate" type="App::PropertyString">
            <String value="2019-04-25T12:02:27-06:00"/>
        </Property>
        <Property name="Id" type="App::PropertyString">
            <String value=""/>
        </Property>
        <Property name="Label" type="App::PropertyString">
            <String value="sujetador_motor_guia"/>
        </Property>
        <Property name="LastModifiedBy" type="App::PropertyString">
            <String value=""/>
        </Property>
        <Property name="LastModifiedDate" type="App::PropertyString">
            <String value="2019-05-09T15:18:45-06:00"/>
        </Property>
        <Property name="License" type="App::PropertyString">
            <String value="All rights reserved"/>
        </Property>
        <Property name="LicenseURL" type="App::PropertyString">
            <String value="http://en.wikipedia.org/wiki/All_rights_reserved"/>
        </Property>
        <Property name="Material" type="App::PropertyMap">
            <Map count="0">
            </Map>
        </Property>
        <Property name="Meta" type="App::PropertyMap">
            <Map count="0">
            </Map>
        </Property>
        <Property name="Uid" type="App::PropertyUUID">
            <Uuid value="b2a3beb1-4dda-4adf-bd93-f87127f9e1a7"/>
        </Property>
    </Properties>
    <Objects Count="31">
        <Object type="Sketcher::SketchObject" name="Sketch" />
        <Object type="PartDesign::Pad" name="Pad" />
        <Object type="Sketcher::SketchObject" name="Sketch001" />
        <Object type="Sketcher::SketchObject" name="Sketch002" />
        <Object type="Sketcher::SketchObject" name="Sketch003" />
        <Object type="Part::Loft" name="Loft" />
        <Object type="Sketcher::SketchObject" name="Sketch004" />
        <Object type="PartDesign::Pocket" name="Pocket001" />
        <Object type="Sketcher::SketchObject" name="Sketch005" />
        <Object type="PartDesign::Pad" name="Pad001" />
        <Object type="Sketcher::SketchObject" name="Sketch006" />
        <Object type="PartDesign::Pad" name="Pad002" />
        <Object type="Sketcher::SketchObject" name="Sketch007" />
        <Object type="PartDesign::Pocket" name="Pocket" />
        <Object type="Sketcher::SketchObject" name="Sketch008" />
        <Object type="PartDesign::Pocket" name="Pocket002" />
        <Object type="PartDesign::Fillet" name="Fillet" />
        <Object type="PartDesign::Fillet" name="Fillet001" />
        <Object type="PartDesign::Fillet" name="Fillet002" />
        <Object type="PartDesign::Fillet" name="Fillet003" />
        <Object type="PartDesign::Fillet" name="Fillet004" />
        <Object type="PartDesign::Fillet" name="Fillet005" />
        <Object type="PartDesign::Fillet" name="Fillet006" />
        <Object type="PartDesign::Fillet" name="Fillet007" />
        <Object type="PartDesign::Fillet" name="Fillet008" />
        <Object type="PartDesign::Fillet" name="Fillet009" />
        <Object type="PartDesign::Fillet" name="Fillet010" />
        <Object type="PartDesign::Fillet" name="Fillet011" />
        <Object type="PartDesign::Chamfer" name="Chamfer" />
        <Object type="PartDesign::Chamfer" name="Chamfer001" />
        <Object type="PartDesign::Chamfer" name="Chamfer002" />
    </Objects>
    <ObjectData Count="31">
        <Object name="Sketch">
            <Properties Count="8">
                <Property name="Constraints" type="Sketcher::PropertyConstraintList">
                    <ConstraintList count="11">
                        <Constrain Name="" Type="1" Value="0.000000000000" First="0" FirstPos="2" Second="1" SecondPos="1" Third="-2000" ThirdPos="0" LabelDistance="10.000000000000" LabelPosition="0.000000000000" IsDriving="1" />
                        <Constrain Name="" Type="1" Value="0.000000000000" First="1" FirstPos="2" Second="2" SecondPos="1" Third="-2000" ThirdPos="0" LabelDistance="10.000000000000" LabelPosition="0.000000000000" IsDriving="1" />
                        <Constrain Name="" Type="1" Value="0.000000000000" First="2" FirstPos="2" Second="3" SecondPos="1" Third="-2000" ThirdPos="0" LabelDistance="10.000000000000" LabelPosition="0.000000000000" IsDriving="1" />
                        <Constrain Name="" Type="1" Value="0.000000000000" First="3" FirstPos="2" Second="0" SecondPos="1" Third="-2000" ThirdPos="0" LabelDistance="10.000000000000" LabelPosition="0.000000000000" IsDriving="1" />
                        <Constrain Name="" Type="2" Value="0.000000000000" First="0" FirstPos="0" Second="-2000" SecondPos="0" Third="-2000" ThirdPos="0" LabelDistance="10.000000000000" LabelPosition="0.000000000000" IsDriving="1" />
                        <Constrain Name="" Type="2" Value="0.000000000000" First="2" FirstPos="0" Second="-2000" SecondPos="0" Third="-2000" ThirdPos="0" LabelDistance="10.000000000000" LabelPosition="0.000000000000" IsDriving="1" />
                        <Constrain Name="" Type="3" Value="0.000000000000" First="1" FirstPos="0" Second="-2000" SecondPos="0" Third="-2000" ThirdPos="0" LabelDistance="10.000000000000" LabelPosition="0.000000000000" IsDriving="1" />
                        <Constrain Name="" Type="3" Value="0.000000000000" First="3" FirstPos="0" Second="-2000" SecondPos="0" Third="-2000" ThirdPos="0" LabelDistance="10.000000000000" LabelPosition="0.000000000000" IsDriving="1" />
                        <Constrain Name="" Type="14" Value="0.000000000000" First="1" FirstPos="2" Second="0" SecondPos="1" Third="-1" ThirdPos="1" LabelDistance="10.000000000000" LabelPosition="0.000000000000" IsDriving="1" />
                        <Constrain Name="" Type="7" Value="117.000000000000" First="0" FirstPos="1" Second="0" SecondPos="2" Third="-2000" ThirdPos="0" LabelDistance="9.568003654480" LabelPosition="0.000000000000" IsDriving="1" />
                        <Constrain Name="" Type="8" Value="57.000000000000" First="1" FirstPos="2" Second="1" SecondPos="1" Third="-2000" ThirdPos="0" LabelDistance="9.568003654480" LabelPosition="0.000000000000" IsDriving="1" />
                    </ConstraintList>
                </Property>
                <Property name="ExpressionEngine" type="App::PropertyExpressionEngine">
                    <ExpressionEngine count="0">
                    </ExpressionEngine>
                </Property>
                <Property name="ExternalGeometry" type="App::PropertyLinkSubList">
                    <LinkSubList count="0">
                    </LinkSubList>
                </Property>
                <Property name="Geometry" type="Part::PropertyGeometryList">
                    <GeometryList count="4">
                        <Geometry  type="Part::GeomLineSegment">
                            <Construction value="0"/>
                            <LineSegment StartX="-58.500000000000" StartY="28.500000000000" StartZ="0.000000000000" EndX="58.500000000000" EndY="28.500000000000" EndZ="0.000000000000"/>
                        </Geometry>
                        <Geometry  type="Part::GeomLineSegment">
                            <Construction value="0"/>
                            <LineSegment StartX="58.500000000000" StartY="28.500000000000" StartZ="0.000000000000" EndX="58.500000000000" EndY="-28.500000000000" EndZ="0.000000000000"/>
                        </Geometry>
                        <Geometry  type="Part::GeomLineSegment">
                            <Construction value="0"/>
                            <LineSegment StartX="58.500000000000" StartY="-28.500000000000" StartZ="0.000000000000" EndX="-58.500000000000" EndY="-28.500000000000" EndZ="0.000000000000"/>
                        </Geometry>
                        <Geometry  type="Part::GeomLineSegment">
                            <Construction value="0"/>
                            <LineSegment StartX="-58.500000000000" StartY="-28.500000000000" StartZ="0.000000000000" EndX="-58.500000000000" EndY="28.500000000000" EndZ="0.000000000000"/>
                        </Geometry>
                    </GeometryList>
                </Property>
                <Property name="Label" type="App::PropertyString">
                    <String value="Sketch"/>
                </Property>
                <Property name="Placement" type="App::PropertyPlacement">
                    <PropertyPlacement Px="0.000000000000" Py="0.000000000000" Pz="0.000000000000" Q0="0.000000000000" Q1="0.000000000000" Q2="0.000000000000" Q3="1.000000000000"/>
                </Property>
                <Property name="Shape" type="Part::PropertyPartShape">
                    <Part file="PartShape.brp"/>
                </Property>
                <Property name="Support" type="App::PropertyLinkSub">
                    <LinkSub value="" count="0">
                    </LinkSub>
                </Property>
            </Properties>
        </Object>
        <Object name="Pad">
            <Properties Count="12">
                <Property name="AddShape" type="Part::PropertyPartShape">
                    <Part file="PartShape1.brp"/>
                </Property>
                <Property name="ExpressionEngine" type="App::PropertyExpressionEngine">
                    <ExpressionEngine count="0">
                    </ExpressionEngine>
                </Property>
                <Property name="Label" type="App::PropertyString">
                    <String value="Pad"/>
                </Property>
                <Property name="Length" type="App::PropertyLength">
                    <Float value="15.000000000000"/>
                </Property>
                <Property name="Length2" type="App::PropertyLength">
                    <Float value="100.000000000000"/>
                </Property>
                <Property name="Midplane" type="App::PropertyBool">
                    <Bool value="false"/>
                </Property>
                <Property name="Placement" type="App::PropertyPlacement">
                    <PropertyPlacement Px="0.000000000000" Py="0.000000000000" Pz="0.000000000000" Q0="0.000000000000" Q1="0.000000000000" Q2="0.000000000000" Q3="1.000000000000"/>
                </Property>
                <Property name="Reversed" type="App::PropertyBool">
                    <Bool value="false"/>
                </Property>
                <Property name="Shape" type="Part::PropertyPartShape">
                    <Part file="PartShape2.brp"/>
                </Property>
                <Property name="Sketch" type="App::PropertyLink">
                    <Link value="Sketch"/>
                </Property>
                <Property name="Type" type="App::PropertyEnumeration">
                    <Integer value="0"/>
                </Property>
                <Property name="UpToFace" type="App::PropertyLinkSub">
                    <LinkSub value="" count="0">
                    </LinkSub>
                </Property>
            </Properties>
        </Object>
        <Object name="Sketch001">
            <Properties Count="8">
                <Property name="Constraints" type="Sketcher::PropertyConstraintList">
                    <ConstraintList count="2">
                        <Constrain Name="" Type="1" Value="0.000000000000" First="0" FirstPos="3" Second="-1" SecondPos="1" Third="-2000" ThirdPos="0" LabelDistance="10.000000000000" LabelPosition="0.000000000000" IsDriving="1" />
                        <Constrain Name="" Type="11" Value="20.500000000000" First="0" FirstPos="0" Second="-2000" SecondPos="0" Third="-2000" ThirdPos="0" LabelDistance="5.789042949677" LabelPosition="10.000000000000" IsDriving="1" />
                    </ConstraintList>
                </Property>
                <Property name="ExpressionEngine" type="App::PropertyExpressionEngine">
                    <ExpressionEngine count="0">
                    </ExpressionEngine>
                </Property>
                <Property name="ExternalGeometry" type="App::PropertyLinkSubList">
                    <LinkSubList count="0">
                    </LinkSubList>
                </Property>
                <Property name="Geometry" type="Part::PropertyGeometryList">
                    <GeometryList count="1">
                        <Geometry  type="Part::GeomCircle">
                            <Construction value="0"/>
                            <Circle CenterX="0.000000000000" CenterY="0.000000000000" CenterZ="0.000000000000" NormalX="0.000000000000" NormalY="0.000000000000" NormalZ="1.000000000000" Radius="20.500000000000"/>
                        </Geometry>
                    </GeometryList>
                </Property>
                <Property name="Label" type="App::PropertyString">
                    <String value="Sketch001"/>
                </Property>
                <Property name="Placement" type="App::PropertyPlacement">
                    <PropertyPlacement Px="-0.000000000000" Py="0.000000000000" Pz="15.000000000000" Q0="0.000000000000" Q1="0.000000000000" Q2="0.000000000000" Q3="1.000000000000"/>
                </Property>
                <Property name="Shape" type="Part::PropertyPartShape">
                    <Part file="PartShape3.brp"/>
                </Property>
                <Property name="Support" type="App::PropertyLinkSub">
                    <LinkSub value="Pad" count="1">
                        <Sub value="Face6"/>
                    </LinkSub>
                </Property>
            </Properties>
        </Object>
        <Object name="Sketch002">
            <Properties Count="8">
                <Property name="Constraints" type="Sketcher::PropertyConstraintList">
                    <ConstraintList count="11">
                        <Constrain Name="" Type="1" Value="0.000000000000" First="0" FirstPos="2" Second="1" SecondPos="1" Third="-2000" ThirdPos="0" LabelDistance="10.000000000000" LabelPosition="0.000000000000" IsDriving="1" />
                        <Constrain Name="" Type="1" Value="0.000000000000" First="1" FirstPos="2" Second="2" SecondPos="1" Third="-2000" ThirdPos="0" LabelDistance="10.000000000000" LabelPosition="0.000000000000" IsDriving="1" />
                        <Constrain Name="" Type="1" Value="0.000000000000" First="2" FirstPos="2" Second="3" SecondPos="1" Third="-2000" ThirdPos="0" LabelDistance="10.000000000000" LabelPosition="0.000000000000" IsDriving="1" />
                        <Constrain Name="" Type="1" Value="0.000000000000" First="3" FirstPos="2" Second="0" SecondPos="1" Third="-2000" ThirdPos="0" LabelDistance="10.000000000000" LabelPosition="0.000000000000" IsDriving="1" />
                        <Constrain Name="" Type="2" Value="0.000000000000" First="0" FirstPos="0" Second="-2000" SecondPos="0" Third="-2000" ThirdPos="0" LabelDistance="10.000000000000" LabelPosition="0.000000000000" IsDriving="1" />
                        <Constrain Name="" Type="2" Value="0.000000000000" First="2" FirstPos="0" Second="-2000" SecondPos="0" Third="-2000" ThirdPos="0" LabelDistance="10.000000000000" LabelPosition="0.000000000000" IsDriving="1" />
                        <Constrain Name="" Type="3" Value="0.000000000000" First="1" FirstPos="0" Second="-2000" SecondPos="0" Third="-2000" ThirdPos="0" LabelDistance="10.000000000000" LabelPosition="0.000000000000" IsDriving="1" />
                        <Constrain Name="" Type="3" Value="0.000000000000" First="3" FirstPos="0" Second="-2000" SecondPos="0" Third="-2000" ThirdPos="0" LabelDistance="10.000000000000" LabelPosition="0.000000000000" IsDriving="1" />
                        <Constrain Name="" Type="14" Value="0.000000000000" First="0" FirstPos="1" Second="1" SecondPos="2" Third="-1" ThirdPos="1" LabelDistance="10.000000000000" LabelPosition="0.000000000000" IsDriving="1" />
                        <Constrain Name="" Type="7" Value="57.000000000000" First="0" FirstPos="1" Second="0" SecondPos="2" Third="-2000" ThirdPos="0" LabelDistance="3.880511999130" LabelPosition="0.000000000000" IsDriving="1" />
                        <Constrain Name="" Type="8" Value="57.000000000000" First="1" FirstPos="2" Second="1" SecondPos="1" Third="-2000" ThirdPos="0" LabelDistance="3.880511999130" LabelPosition="0.000000000000" IsDriving="1" />
                    </ConstraintList>
                </Property>
                <Property name="ExpressionEngine" type="App::PropertyExpressionEngine">
                    <ExpressionEngine count="0">
                    </ExpressionEngine>
                </Property>
                <Property name="ExternalGeometry" type="App::PropertyLinkSubList">
                    <LinkSubList count="0">
                    </LinkSubList>
                </Property>
                <Property name="Geometry" type="Part::PropertyGeometryList">
                    <GeometryList count="4">
                        <Geometry  type="Part::GeomLineSegment">
                            <Construction value="0"/>
                            <LineSegment StartX="-28.500000000000" StartY="28.500000000000" StartZ="0.000000000000" EndX="28.500000000000" EndY="28.500000000000" EndZ="0.000000000000"/>
                        </Geometry>
                        <Geometry  type="Part::GeomLineSegment">
                            <Construction value="0"/>
                            <LineSegment StartX="28.500000000000" StartY="28.500000000000" StartZ="0.000000000000" EndX="28.500000000000" EndY="-28.500000000000" EndZ="0.000000000000"/>
                        </Geometry>
                        <Geometry  type="Part::GeomLineSegment">
                            <Construction value="0"/>
                            <LineSegment StartX="28.500000000000" StartY="-28.500000000000" StartZ="0.000000000000" EndX="-28.500000000000" EndY="-28.500000000000" EndZ="0.000000000000"/>
                        </Geometry>
                        <Geometry  type="Part::GeomLineSegment">
                            <Construction value="0"/>
                            <LineSegment StartX="-28.500000000000" StartY="-28.500000000000" StartZ="0.000000000000" EndX="-28.500000000000" EndY="28.500000000000" EndZ="0.000000000000"/>
                        </Geometry>
                    </GeometryList>
                </Property>
                <Property name="Label" type="App::PropertyString">
                    <String value="base_mas_grande"/>
                </Property>
                <Property name="Placement" type="App::PropertyPlacement">
                    <PropertyPlacement Px="0.000000000000" Py="-0.000000000000" Pz="0.000000000000" Q0="1.000000000000" Q1="0.000000000000" Q2="0.000000000000" Q3="0.000000000000"/>
                </Property>
                <Property name="Shape" type="Part::PropertyPartShape">
                    <Part file="PartShape4.brp"/>
                </Property>
                <Property name="Support" type="App::PropertyLinkSub">
                    <LinkSub value="" count="0">
                    </LinkSub>
                </Property>
            </Properties>
        </Object>
        <Object name="Sketch003">
            <Properties Count="8">
                <Property name="Constraints" type="Sketcher::PropertyConstraintList">
                    <ConstraintList count="11">
                        <Constrain Name="" Type="1" Value="0.000000000000" First="0" FirstPos="2" Second="1" SecondPos="1" Third="-2000" ThirdPos="0" LabelDistance="10.000000000000" LabelPosition="0.000000000000" IsDriving="1" />
                        <Constrain Name="" Type="1" Value="0.000000000000" First="1" FirstPos="2" Second="2" SecondPos="1" Third="-2000" ThirdPos="0" LabelDistance="10.000000000000" LabelPosition="0.000000000000" IsDriving="1" />
                        <Constrain Name="" Type="1" Value="0.000000000000" First="2" FirstPos="2" Second="3" SecondPos="1" Third="-2000" ThirdPos="0" LabelDistance="10.000000000000" LabelPosition="0.000000000000" IsDriving="1" />
                        <Constrain Name="" Type="1" Value="0.000000000000" First="3" FirstPos="2" Second="0" SecondPos="1" Third="-2000" ThirdPos="0" LabelDistance="10.000000000000" LabelPosition="0.000000000000" IsDriving="1" />
                        <Constrain Name="" Type="2" Value="0.000000000000" First="0" FirstPos="0" Second="-2000" SecondPos="0" Third="-2000" ThirdPos="0" LabelDistance="10.000000000000" LabelPosition="0.000000000000" IsDriving="1" />
                        <Constrain Name="" Type="2" Value="0.000000000000" First="2" FirstPos="0" Second="-2000" SecondPos="0" Third="-2000" ThirdPos="0" LabelDistance="10.000000000000" LabelPosition="0.000000000000" IsDriving="1" />
                        <Constrain Name="" Type="3" Value="0.000000000000" First="1" FirstPos="0" Second="-2000" SecondPos="0" Third="-2000" ThirdPos="0" LabelDistance="10.000000000000" LabelPosition="0.000000000000" IsDriving="1" />
                        <Constrain Name="" Type="3" Value="0.000000000000" First="3" FirstPos="0" Second="-2000" SecondPos="0" Third="-2000" ThirdPos="0" LabelDistance="10.000000000000" LabelPosition="0.000000000000" IsDriving="1" />
                        <Constrain Name="" Type="14" Value="0.000000000000" First="1" FirstPos="2" Second="0" SecondPos="1" Third="-1" ThirdPos="1" LabelDistance="10.000000000000" LabelPosition="0.000000000000" IsDriving="1" />
                        <Constrain Name="" Type="7" Value="41.000000000000" First="0" FirstPos="1" Second="0" SecondPos="2" Third="-2000" ThirdPos="0" LabelDistance="4.299181461334" LabelPosition="0.000000000000" IsDriving="1" />
                        <Constrain Name="" Type="12" Value="0.000000000000" First="0" FirstPos="0" Second="1" SecondPos="0" Third="-2000" ThirdPos="0" LabelDistance="10.000000000000" LabelPosition="0.000000000000" IsDriving="1" />
                    </ConstraintList>
                </Property>
                <Property name="ExpressionEngine" type="App::PropertyExpressionEngine">
                    <ExpressionEngine count="0">
                    </ExpressionEngine>
                </Property>
                <Property name="ExternalGeometry" type="App::PropertyLinkSubList">
                    <LinkSubList count="0">
                    </LinkSubList>
                </Property>
                <Property name="Geometry" type="Part::PropertyGeometryList">
                    <GeometryList count="4">
                        <Geometry  type="Part::GeomLineSegment">
                            <Construction value="0"/>
                            <LineSegment StartX="-20.500000000000" StartY="20.500000000000" StartZ="0.000000000000" EndX="20.500000000000" EndY="20.500000000000" EndZ="0.000000000000"/>
                        </Geometry>
                        <Geometry  type="Part::GeomLineSegment">
                            <Construction value="0"/>
                            <LineSegment StartX="20.500000000000" StartY="20.500000000000" StartZ="0.000000000000" EndX="20.500000000000" EndY="-20.500000000000" EndZ="0.000000000000"/>
                        </Geometry>
                        <Geometry  type="Part::GeomLineSegment">
                            <Construction value="0"/>
                            <LineSegment StartX="20.500000000000" StartY="-20.500000000000" StartZ="0.000000000000" EndX="-20.500000000000" EndY="-20.500000000000" EndZ="0.000000000000"/>
                        </Geometry>
                        <Geometry  type="Part::GeomLineSegment">
                            <Construction value="0"/>
                            <LineSegment StartX="-20.500000000000" StartY="-20.500000000000" StartZ="0.000000000000" EndX="-20.500000000000" EndY="20.500000000000" EndZ="0.000000000000"/>
                        </Geometry>
                    </GeometryList>
                </Property>
                <Property name="Label" type="App::PropertyString">
                    <String value="base_mas_pequeña"/>
                </Property>
                <Property name="Placement" type="App::PropertyPlacement">
                    <PropertyPlacement Px="0.000000000000" Py="0.000000000000" Pz="-30.000000000000" Q0="0.000000000000" Q1="0.000000000000" Q2="0.000000000000" Q3="1.000000000000"/>
                </Property>
                <Property name="Shape" type="Part::PropertyPartShape">
                    <Part file="PartShape5.brp"/>
                </Property>
                <Property name="Support" type="App::PropertyLinkSub">
                    <LinkSub value="" count="0">
                    </LinkSub>
                </Property>
            </Properties>
        </Object>
        <Object name="Loft">
            <Properties Count="8">
                <Property name="Closed" type="App::PropertyBool">
                    <Bool value="false"/>
                </Property>
                <Property name="ExpressionEngine" type="App::PropertyExpressionEngine">
                    <ExpressionEngine count="0">
                    </ExpressionEngine>
                </Property>
                <Property name="Label" type="App::PropertyString">
                    <String value="Loft"/>
                </Property>
                <Property name="Placement" type="App::PropertyPlacement">
                    <PropertyPlacement Px="0.000000000000" Py="0.000000000000" Pz="0.000000000000" Q0="0.000000000000" Q1="0.000000000000" Q2="0.000000000000" Q3="1.000000000000"/>
                </Property>
                <Property name="Ruled" type="App::PropertyBool">
                    <Bool value="false"/>
                </Property>
                <Property name="Sections" type="App::PropertyLinkList">
                    <LinkList count="2">
                        <Link value="Sketch002"/>
                        <Link value="Sketch003"/>
                    </LinkList>
                </Property>
                <Property name="Shape" type="Part::PropertyPartShape">
                    <Part file="PartShape6.brp"/>
                </Property>
                <Property name="Solid" type="App::PropertyBool">
                    <Bool value="true"/>
                </Property>
            </Properties>
        </Object>
        <Object name="Sketch004">
            <Properties Count="8">
                <Property name="Constraints" type="Sketcher::PropertyConstraintList">
                    <ConstraintList count="2">
                        <Constrain Name="" Type="1" Value="0.000000000000" First="0" FirstPos="3" Second="-1" SecondPos="1" Third="-2000" ThirdPos="0" LabelDistance="10.000000000000" LabelPosition="0.000000000000" IsDriving="1" />
                        <Constrain Name="" Type="11" Value="18.900000000000" First="0" FirstPos="0" Second="-2000" SecondPos="0" Third="-2000" ThirdPos="0" LabelDistance="3.519872903824" LabelPosition="10.000000000000" IsDriving="1" />
                    </ConstraintList>
                </Property>
                <Property name="ExpressionEngine" type="App::PropertyExpressionEngine">
                    <ExpressionEngine count="0">
                    </ExpressionEngine>
                </Property>
                <Property name="ExternalGeometry" type="App::PropertyLinkSubList">
                    <LinkSubList count="0">
                    </LinkSubList>
                </Property>
                <Property name="Geometry" type="Part::PropertyGeometryList">
                    <GeometryList count="1">
                        <Geometry  type="Part::GeomCircle">
                            <Construction value="0"/>
                            <Circle CenterX="0.000000000000" CenterY="0.000000000000" CenterZ="0.000000000000" NormalX="0.000000000000" NormalY="0.000000000000" NormalZ="1.000000000000" Radius="18.900000000000"/>
                        </Geometry>
                    </GeometryList>
                </Property>
                <Property name="Label" type="App::PropertyString">
                    <String value="Sketch004"/>
                </Property>
                <Property name="Placement" type="App::PropertyPlacement">
                    <PropertyPlacement Px="-0.000000000000" Py="-0.000000000000" Pz="-30.000000000000" Q0="1.000000000000" Q1="0.000000000000" Q2="0.000000000000" Q3="0.000000000000"/>
                </Property>
                <Property name="Shape" type="Part::PropertyPartShape">
                    <Part file="PartShape7.brp"/>
                </Property>
                <Property name="Support" type="App::PropertyLinkSub">
                    <LinkSub value="Loft" count="1">
                        <Sub value="Face6"/>
                    </LinkSub>
                </Property>
            </Properties>
        </Object>
        <Object name="Pocket001">
            <Properties Count="11">
                <Property name="ExpressionEngine" type="App::PropertyExpressionEngine">
                    <ExpressionEngine count="0">
                    </ExpressionEngine>
                </Property>
                <Property name="Label" type="App::PropertyString">
                    <String value="Pocket001"/>
                </Property>
                <Property name="Length" type="App::PropertyLength">
                    <Float value="30.000000000000"/>
                </Property>
                <Property name="Midplane" type="App::PropertyBool">
                    <Bool value="false"/>
                </Property>
                <Property name="Placement" type="App::PropertyPlacement">
                    <PropertyPlacement Px="0.000000000000" Py="0.000000000000" Pz="0.000000000000" Q0="0.000000000000" Q1="0.000000000000" Q2="0.000000000000" Q3="1.000000000000"/>
                </Property>
                <Property name="Reversed" type="App::PropertyBool">
                    <Bool value="false"/>
                </Property>
                <Property name="Shape" type="Part::PropertyPartShape">
                    <Part file="PartShape8.brp"/>
                </Property>
                <Property name="Sketch" type="App::PropertyLink">
                    <Link value="Sketch004"/>
                </Property>
                <Property name="SubShape" type="Part::PropertyPartShape">
                    <Part file="PartShape9.brp"/>
                </Property>
                <Property name="Type" type="App::PropertyEnumeration">
                    <Integer value="0"/>
                </Property>
                <Property name="UpToFace" type="App::PropertyLinkSub">
                    <LinkSub value="" count="0">
                    </LinkSub>
                </Property>
            </Properties>
        </Object>
        <Object name="Sketch005">
            <Properties Count="8">
                <Property name="Constraints" type="Sketcher::PropertyConstraintList">
                    <ConstraintList count="8">
                        <Constrain Name="" Type="1" Value="0.000000000000" First="0" FirstPos="2" Second="1" SecondPos="1" Third="-2000" ThirdPos="0" LabelDistance="10.000000000000" LabelPosition="0.000000000000" IsDriving="1" />
                        <Constrain Name="" Type="1" Value="0.000000000000" First="1" FirstPos="2" Second="2" SecondPos="1" Third="-2000" ThirdPos="0" LabelDistance="10.000000000000" LabelPosition="0.000000000000" IsDriving="1" />
                        <Constrain Name="" Type="1" Value="0.000000000000" First="2" FirstPos="2" Second="0" SecondPos="1" Third="-2000" ThirdPos="0" LabelDistance="10.000000000000" LabelPosition="0.000000000000" IsDriving="1" />
                        <Constrain Name="" Type="2" Value="0.000000000000" First="2" FirstPos="0" Second="-2000" SecondPos="0" Third="-2000" ThirdPos="0" LabelDistance="10.000000000000" LabelPosition="0.000000000000" IsDriving="1" />
                        <Constrain Name="" Type="7" Value="30.000000000000" First="2" FirstPos="2" Second="2" SecondPos="1" Third="-2000" ThirdPos="0" LabelDistance="6.984869480133" LabelPosition="-0.087944909930" IsDriving="1" />
                        <Constrain Name="" Type="9" Value="1.832595714594" First="0" FirstPos="1" Second="2" SecondPos="2" Third="-2000" ThirdPos="0" LabelDistance="2.359442472458" LabelPosition="0.000000000000" IsDriving="1" />
                        <Constrain Name="" Type="6" Value="17.000000000000" First="0" FirstPos="2" Second="0" SecondPos="1" Third="-2000" ThirdPos="0" LabelDistance="5.251036167145" LabelPosition="0.000000000000" IsDriving="1" />
                        <Constrain Name="" Type="1" Value="0.000000000000" First="0" FirstPos="1" Second="-1" SecondPos="1" Third="-2000" ThirdPos="0" LabelDistance="10.000000000000" LabelPosition="0.000000000000" IsDriving="1" />
                    </ConstraintList>
                </Property>
                <Property name="ExpressionEngine" type="App::PropertyExpressionEngine">
                    <ExpressionEngine count="0">
                    </ExpressionEngine>
                </Property>
                <Property name="ExternalGeometry" type="App::PropertyLinkSubList">
                    <LinkSubList count="0">
                    </LinkSubList>
                </Property>
                <Property name="Geometry" type="Part::PropertyGeometryList">
                    <GeometryList count="3">
                        <Geometry  type="Part::GeomLineSegment">
                            <Construction value="0"/>
                            <LineSegment StartX="0.000000000000" StartY="0.000000000000" StartZ="0.000000000000" EndX="-4.399923766743" EndY="-16.420739046914" EndZ="0.000000000000"/>
                        </Geometry>
                        <Geometry  type="Part::GeomLineSegment">
                            <Construction value="0"/>
                            <LineSegment StartX="-4.399923766743" StartY="-16.420739046914" StartZ="0.000000000000" EndX="30.000000000000" EndY="0.000000000000" EndZ="0.000000000000"/>
                        </Geometry>
                        <Geometry  type="Part::GeomLineSegment">
                            <Construction value="0"/>
                            <LineSegment StartX="30.000000000000" StartY="0.000000000000" StartZ="0.000000000000" EndX="0.000000000000" EndY="0.000000000000" EndZ="0.000000000000"/>
                        </Geometry>
                    </GeometryList>
                </Property>
                <Property name="Label" type="App::PropertyString">
                    <String value="Sketch005"/>
                </Property>
                <Property name="Placement" type="App::PropertyPlacement">
                    <PropertyPlacement Px="28.500000000000" Py="7.500000000000" Pz="0.000000000000" Q0="0.707106781187" Q1="-0.000000000000" Q2="-0.000000000000" Q3="0.707106781187"/>
                </Property>
                <Property name="Shape" type="Part::PropertyPartShape">
                    <Part file="PartShape10.brp"/>
                </Property>
                <Property name="Support" type="App::PropertyLinkSub">
                    <LinkSub value="" count="0">
                    </LinkSub>
                </Property>
            </Properties>
        </Object>
        <Object name="Pad001">
            <Properties Count="12">
                <Property name="AddShape" type="Part::PropertyPartShape">
                    <Part file="PartShape11.brp"/>
                </Property>
                <Property name="ExpressionEngine" type="App::PropertyExpressionEngine">
                    <ExpressionEngine count="0">
                    </ExpressionEngine>
                </Property>
                <Property name="Label" type="App::PropertyString">
                    <String value="Pad001"/>
                </Property>
                <Property name="Length" type="App::PropertyLength">
                    <Float value="15.000000000000"/>
                </Property>
                <Property name="Length2" type="App::PropertyLength">
                    <Float value="100.000000000000"/>
                </Property>
                <Property name="Midplane" type="App::PropertyBool">
                    <Bool value="false"/>
                </Property>
                <Property name="Placement" type="App::PropertyPlacement">
                    <PropertyPlacement Px="28.500000000000" Py="7.500000000000" Pz="0.000000000000" Q0="0.707106781187" Q1="-0.000000000000" Q2="-0.000000000000" Q3="0.707106781187"/>
                </Property>
                <Property name="Reversed" type="App::PropertyBool">
                    <Bool value="false"/>
                </Property>
                <Property name="Shape" type="Part::PropertyPartShape">
                    <Part file="PartShape12.brp"/>
                </Property>
                <Property name="Sketch" type="App::PropertyLink">
                    <Link value="Sketch005"/>
                </Property>
                <Property name="Type" type="App::PropertyEnumeration">
                    <Integer value="0"/>
                </Property>
                <Property name="UpToFace" type="App::PropertyLinkSub">
                    <LinkSub value="" count="0">
                    </LinkSub>
                </Property>
            </Properties>
        </Object>
        <Object name="Sketch006">
            <Properties Count="8">
                <Property name="Constraints" type="Sketcher::PropertyConstraintList">
                    <ConstraintList count="8">
                        <Constrain Name="" Type="2" Value="0.000000000000" First="0" FirstPos="0" Second="-2000" SecondPos="0" Third="-2000" ThirdPos="0" LabelDistance="10.000000000000" LabelPosition="0.000000000000" IsDriving="1" />
                        <Constrain Name="" Type="1" Value="0.000000000000" First="0" FirstPos="2" Second="1" SecondPos="1" Third="-2000" ThirdPos="0" LabelDistance="10.000000000000" LabelPosition="0.000000000000" IsDriving="1" />
                        <Constrain Name="" Type="1" Value="0.000000000000" First="1" FirstPos="2" Second="2" SecondPos="1" Third="-2000" ThirdPos="0" LabelDistance="10.000000000000" LabelPosition="0.000000000000" IsDriving="1" />
                        <Constrain Name="" Type="1" Value="0.000000000000" First="2" FirstPos="2" Second="0" SecondPos="1" Third="-2000" ThirdPos="0" LabelDistance="10.000000000000" LabelPosition="0.000000000000" IsDriving="1" />
                        <Constrain Name="" Type="7" Value="30.000000000000" First="0" FirstPos="1" Second="0" SecondPos="2" Third="-2000" ThirdPos="0" LabelDistance="7.833618640900" LabelPosition="0.000000000000" IsDriving="1" />
                        <Constrain Name="" Type="9" Value="1.832595714594" First="0" FirstPos="2" Second="1" SecondPos="1" Third="-2000" ThirdPos="0" LabelDistance="7.833618640900" LabelPosition="0.000000000000" IsDriving="1" />
                        <Constrain Name="" Type="6" Value="17.000000000000" First="1" FirstPos="0" Second="-2000" SecondPos="0" Third="-2000" ThirdPos="0" LabelDistance="7.833618640900" LabelPosition="0.000000000000" IsDriving="1" />
                        <Constrain Name="" Type="1" Value="0.000000000000" First="0" FirstPos="2" Second="-1" SecondPos="1" Third="-2000" ThirdPos="0" LabelDistance="10.000000000000" LabelPosition="0.000000000000" IsDriving="1" />
                    </ConstraintList>
                </Property>
                <Property name="ExpressionEngine" type="App::PropertyExpressionEngine">
                    <ExpressionEngine count="0">
                    </ExpressionEngine>
                </Property>
                <Property name="ExternalGeometry" type="App::PropertyLinkSubList">
                    <LinkSubList count="0">
                    </LinkSubList>
                </Property>
                <Property name="Geometry" type="Part::PropertyGeometryList">
                    <GeometryList count="3">
                        <Geometry  type="Part::GeomLineSegment">
                            <Construction value="0"/>
                            <LineSegment StartX="-30.000000000000" StartY="0.000000000000" StartZ="0.000000000000" EndX="0.000000000000" EndY="0.000000000000" EndZ="0.000000000000"/>
                        </Geometry>
                        <Geometry  type="Part::GeomLineSegment">
                            <Construction value="0"/>
                            <LineSegment StartX="0.000000000000" StartY="0.000000000000" StartZ="0.000000000000" EndX="4.399923766744" EndY="-16.420739046914" EndZ="0.000000000000"/>
                        </Geometry>
                        <Geometry  type="Part::GeomLineSegment">
                            <Construction value="0"/>
                            <LineSegment StartX="4.399923766744" StartY="-16.420739046914" StartZ="0.000000000000" EndX="-30.000000000000" EndY="0.000000000000" EndZ="0.000000000000"/>
                        </Geometry>
                    </GeometryList>
                </Property>
                <Property name="Label" type="App::PropertyString">
                    <String value="Sketch006"/>
                </Property>
                <Property name="Placement" type="App::PropertyPlacement">
                    <PropertyPlacement Px="-28.500000000000" Py="7.500000000000" Pz="0.000000000000" Q0="0.707106781187" Q1="-0.000000000000" Q2="-0.000000000000" Q3="0.707106781187"/>
                </Property>
                <Property name="Shape" type="Part::PropertyPartShape">
                    <Part file="PartShape13.brp"/>
                </Property>
                <Property name="Support" type="App::PropertyLinkSub">
                    <LinkSub value="" count="0">
                    </LinkSub>
                </Property>
            </Properties>
        </Object>
        <Object name="Pad002">
            <Properties Count="12">
                <Property name="AddShape" type="Part::PropertyPartShape">
                    <Part file="PartShape14.brp"/>
                </Property>
                <Property name="ExpressionEngine" type="App::PropertyExpressionEngine">
                    <ExpressionEngine count="0">
                    </ExpressionEngine>
                </Property>
                <Property name="Label" type="App::PropertyString">
                    <String value="Pad002"/>
                </Property>
                <Property name="Length" type="App::PropertyLength">
                    <Float value="15.000000000000"/>
                </Property>
                <Property name="Length2" type="App::PropertyLength">
                    <Float value="100.000000000000"/>
                </Property>
                <Property name="Midplane" type="App::PropertyBool">
                    <Bool value="false"/>
                </Property>
                <Property name="Placement" type="App::PropertyPlacement">
                    <PropertyPlacement Px="-28.500000000000" Py="7.500000000000" Pz="0.000000000000" Q0="0.707106781187" Q1="-0.000000000000" Q2="-0.000000000000" Q3="0.707106781187"/>
                </Property>
                <Property name="Reversed" type="App::PropertyBool">
                    <Bool value="false"/>
                </Property>
                <Property name="Shape" type="Part::PropertyPartShape">
                    <Part file="PartShape15.brp"/>
                </Property>
                <Property name="Sketch" type="App::PropertyLink">
                    <Link value="Sketch006"/>
                </Property>
                <Property name="Type" type="App::PropertyEnumeration">
                    <Integer value="0"/>
                </Property>
                <Property name="UpToFace" type="App::PropertyLinkSub">
                    <LinkSub value="" count="0">
                    </LinkSub>
                </Property>
            </Properties>
        </Object>
        <Object name="Sketch007">
            <Properties Count="8">
                <Property name="Constraints" type="Sketcher::PropertyConstraintList">
                    <ConstraintList count="19">
                        <Constrain Name="" Type="1" Value="0.000000000000" First="0" FirstPos="2" Second="1" SecondPos="1" Third="-2000" ThirdPos="0" LabelDistance="10.000000000000" LabelPosition="0.000000000000" IsDriving="1" />
                        <Constrain Name="" Type="1" Value="0.000000000000" First="1" FirstPos="2" Second="2" SecondPos="1" Third="-2000" ThirdPos="0" LabelDistance="10.000000000000" LabelPosition="0.000000000000" IsDriving="1" />
                        <Constrain Name="" Type="1" Value="0.000000000000" First="2" FirstPos="2" Second="3" SecondPos="1" Third="-2000" ThirdPos="0" LabelDistance="10.000000000000" LabelPosition="0.000000000000" IsDriving="1" />
                        <Constrain Name="" Type="1" Value="0.000000000000" First="3" FirstPos="2" Second="0" SecondPos="1" Third="-2000" ThirdPos="0" LabelDistance="10.000000000000" LabelPosition="0.000000000000" IsDriving="1" />
                        <Constrain Name="" Type="2" Value="0.000000000000" First="0" FirstPos="0" Second="-2000" SecondPos="0" Third="-2000" ThirdPos="0" LabelDistance="10.000000000000" LabelPosition="0.000000000000" IsDriving="1" />
                        <Constrain Name="" Type="2" Value="0.000000000000" First="2" FirstPos="0" Second="-2000" SecondPos="0" Third="-2000" ThirdPos="0" LabelDistance="10.000000000000" LabelPosition="0.000000000000" IsDriving="1" />
                        <Constrain Name="" Type="3" Value="0.000000000000" First="1" FirstPos="0" Second="-2000" SecondPos="0" Third="-2000" ThirdPos="0" LabelDistance="10.000000000000" LabelPosition="0.000000000000" IsDriving="1" />
                        <Constrain Name="" Type="3" Value="0.000000000000" First="3" FirstPos="0" Second="-2000" SecondPos="0" Third="-2000" ThirdPos="0" LabelDistance="10.000000000000" LabelPosition="0.000000000000" IsDriving="1" />
                        <Constrain Name="" Type="14" Value="0.000000000000" First="1" FirstPos="2" Second="0" SecondPos="1" Third="-1" ThirdPos="1" LabelDistance="10.000000000000" LabelPosition="0.000000000000" IsDriving="1" />
                        <Constrain Name="" Type="7" Value="93.000000000000" First="0" FirstPos="1" Second="0" SecondPos="2" Third="-2000" ThirdPos="0" LabelDistance="6.153816699982" LabelPosition="0.000000000000" IsDriving="1" />
                        <Constrain Name="" Type="8" Value="33.000000000000" First="1" FirstPos="2" Second="1" SecondPos="1" Third="-2000" ThirdPos="0" LabelDistance="6.153816699982" LabelPosition="0.000000000000" IsDriving="1" />
                        <Constrain Name="" Type="1" Value="0.000000000000" First="4" FirstPos="3" Second="0" SecondPos="1" Third="-2000" ThirdPos="0" LabelDistance="10.000000000000" LabelPosition="0.000000000000" IsDriving="1" />
                        <Constrain Name="" Type="1" Value="0.000000000000" First="5" FirstPos="3" Second="2" SecondPos="2" Third="-2000" ThirdPos="0" LabelDistance="10.000000000000" LabelPosition="0.000000000000" IsDriving="1" />
                        <Constrain Name="" Type="1" Value="0.000000000000" First="6" FirstPos="3" Second="0" SecondPos="2" Third="-2000" ThirdPos="0" LabelDistance="10.000000000000" LabelPosition="0.000000000000" IsDriving="1" />
                        <Constrain Name="" Type="1" Value="0.000000000000" First="7" FirstPos="3" Second="1" SecondPos="2" Third="-2000" ThirdPos="0" LabelDistance="10.000000000000" LabelPosition="0.000000000000" IsDriving="1" />
                        <Constrain Name="" Type="12" Value="0.000000000000" First="7" FirstPos="0" Second="6" SecondPos="0" Third="-2000" ThirdPos="0" LabelDistance="10.000000000000" LabelPosition="0.000000000000" IsDriving="1" />
                        <Constrain Name="" Type="12" Value="0.000000000000" First="6" FirstPos="0" Second="4" SecondPos="0" Third="-2000" ThirdPos="0" LabelDistance="10.000000000000" LabelPosition="0.000000000000" IsDriving="1" />
                        <Constrain Name="" Type="12" Value="0.000000000000" First="4" FirstPos="0" Second="5" SecondPos="0" Third="-2000" ThirdPos="0" LabelDistance="10.000000000000" LabelPosition="0.000000000000" IsDriving="1" />
                        <Constrain Name="" Type="11" Value="2.250000000000" First="4" FirstPos="0" Second="-2000" SecondPos="0" Third="-2000" ThirdPos="0" LabelDistance="6.153817653656" LabelPosition="10.000000000000" IsDriving="1" />
                    </ConstraintList>
                </Property>
                <Property name="ExpressionEngine" type="App::PropertyExpressionEngine">
                    <ExpressionEngine count="0">
                    </ExpressionEngine>
                </Property>
                <Property name="ExternalGeometry" type="App::PropertyLinkSubList">
                    <LinkSubList count="0">
                    </LinkSubList>
                </Property>
                <Property name="Geometry" type="Part::PropertyGeometryList">
                    <GeometryList count="8">
                        <Geometry  type="Part::GeomLineSegment">
                            <Construction value="1"/>
                            <LineSegment StartX="-46.500000000000" StartY="16.500000000000" StartZ="0.000000000000" EndX="46.500000000000" EndY="16.500000000000" EndZ="0.000000000000"/>
                        </Geometry>
                        <Geometry  type="Part::GeomLineSegment">
                            <Construction value="1"/>
                            <LineSegment StartX="46.500000000000" StartY="16.500000000000" StartZ="0.000000000000" EndX="46.500000000000" EndY="-16.500000000000" EndZ="0.000000000000"/>
                        </Geometry>
                        <Geometry  type="Part::GeomLineSegment">
                            <Construction value="1"/>
                            <LineSegment StartX="46.500000000000" StartY="-16.500000000000" StartZ="0.000000000000" EndX="-46.500000000000" EndY="-16.500000000000" EndZ="0.000000000000"/>
                        </Geometry>
                        <Geometry  type="Part::GeomLineSegment">
                            <Construction value="1"/>
                            <LineSegment StartX="-46.500000000000" StartY="-16.500000000000" StartZ="0.000000000000" EndX="-46.500000000000" EndY="16.500000000000" EndZ="0.000000000000"/>
                        </Geometry>
                        <Geometry  type="Part::GeomCircle">
                            <Construction value="0"/>
                            <Circle CenterX="-46.500000000000" CenterY="16.500000000000" CenterZ="0.000000000000" NormalX="0.000000000000" NormalY="0.000000000000" NormalZ="1.000000000000" Radius="2.250000000000"/>
                        </Geometry>
                        <Geometry  type="Part::GeomCircle">
                            <Construction value="0"/>
                            <Circle CenterX="-46.500000000000" CenterY="-16.500000000000" CenterZ="0.000000000000" NormalX="0.000000000000" NormalY="0.000000000000" NormalZ="1.000000000000" Radius="2.250000000000"/>
                        </Geometry>
                        <Geometry  type="Part::GeomCircle">
                            <Construction value="0"/>
                            <Circle CenterX="46.500000000000" CenterY="16.500000000000" CenterZ="0.000000000000" NormalX="0.000000000000" NormalY="0.000000000000" NormalZ="1.000000000000" Radius="2.250000000000"/>
                        </Geometry>
                        <Geometry  type="Part::GeomCircle">
                            <Construction value="0"/>
                            <Circle CenterX="46.500000000000" CenterY="-16.500000000000" CenterZ="0.000000000000" NormalX="0.000000000000" NormalY="0.000000000000" NormalZ="1.000000000000" Radius="2.250000000000"/>
                        </Geometry>
                    </GeometryList>
                </Property>
                <Property name="Label" type="App::PropertyString">
                    <String value="Sketch007"/>
                </Property>
                <Property name="Placement" type="App::PropertyPlacement">
                    <PropertyPlacement Px="-0.000000000000" Py="0.000000000000" Pz="15.000000000000" Q0="0.000000000000" Q1="0.000000000000" Q2="0.000000000000" Q3="1.000000000000"/>
                </Property>
                <Property name="Shape" type="Part::PropertyPartShape">
                    <Part file="PartShape16.brp"/>
                </Property>
                <Property name="Support" type="App::PropertyLinkSub">
                    <LinkSub value="" count="0">
                    </LinkSub>
                </Property>
            </Properties>
        </Object>
        <Object name="Pocket">
            <Properties Count="11">
                <Property name="ExpressionEngine" type="App::PropertyExpressionEngine">
                    <ExpressionEngine count="0">
                    </ExpressionEngine>
                </Property>
                <Property name="Label" type="App::PropertyString">
                    <String value="Pocket"/>
                </Property>
                <Property name="Length" type="App::PropertyLength">
                    <Float value="15.000000000000"/>
                </Property>
                <Property name="Midplane" type="App::PropertyBool">
                    <Bool value="false"/>
                </Property>
                <Property name="Placement" type="App::PropertyPlacement">
                    <PropertyPlacement Px="0.000000000000" Py="0.000000000000" Pz="0.000000000000" Q0="0.000000000000" Q1="0.000000000000" Q2="0.000000000000" Q3="1.000000000000"/>
                </Property>
                <Property name="Reversed" type="App::PropertyBool">
                    <Bool value="false"/>
                </Property>
                <Property name="Shape" type="Part::PropertyPartShape">
                    <Part file="PartShape17.brp"/>
                </Property>
                <Property name="Sketch" type="App::PropertyLink">
                    <Link value="Sketch001"/>
                </Property>
                <Property name="SubShape" type="Part::PropertyPartShape">
                    <Part file="PartShape18.brp"/>
                </Property>
                <Property name="Type" type="App::PropertyEnumeration">
                    <Integer value="0"/>
                </Property>
                <Property name="UpToFace" type="App::PropertyLinkSub">
                    <LinkSub value="" count="0">
                    </LinkSub>
                </Property>
            </Properties>
        </Object>
        <Object name="Sketch008">
            <Properties Count="8">
                <Property name="Constraints" type="Sketcher::PropertyConstraintList">
                    <ConstraintList count="19">
                        <Constrain Name="" Type="1" Value="0.000000000000" First="0" FirstPos="2" Second="1" SecondPos="1" Third="-2000" ThirdPos="0" LabelDistance="10.000000000000" LabelPosition="0.000000000000" IsDriving="1" />
                        <Constrain Name="" Type="1" Value="0.000000000000" First="1" FirstPos="2" Second="2" SecondPos="1" Third="-2000" ThirdPos="0" LabelDistance="10.000000000000" LabelPosition="0.000000000000" IsDriving="1" />
                        <Constrain Name="" Type="1" Value="0.000000000000" First="2" FirstPos="2" Second="3" SecondPos="1" Third="-2000" ThirdPos="0" LabelDistance="10.000000000000" LabelPosition="0.000000000000" IsDriving="1" />
                        <Constrain Name="" Type="1" Value="0.000000000000" First="3" FirstPos="2" Second="0" SecondPos="1" Third="-2000" ThirdPos="0" LabelDistance="10.000000000000" LabelPosition="0.000000000000" IsDriving="1" />
                        <Constrain Name="" Type="2" Value="0.000000000000" First="0" FirstPos="0" Second="-2000" SecondPos="0" Third="-2000" ThirdPos="0" LabelDistance="10.000000000000" LabelPosition="0.000000000000" IsDriving="1" />
                        <Constrain Name="" Type="2" Value="0.000000000000" First="2" FirstPos="0" Second="-2000" SecondPos="0" Third="-2000" ThirdPos="0" LabelDistance="10.000000000000" LabelPosition="0.000000000000" IsDriving="1" />
                        <Constrain Name="" Type="3" Value="0.000000000000" First="1" FirstPos="0" Second="-2000" SecondPos="0" Third="-2000" ThirdPos="0" LabelDistance="10.000000000000" LabelPosition="0.000000000000" IsDriving="1" />
                        <Constrain Name="" Type="3" Value="0.000000000000" First="3" FirstPos="0" Second="-2000" SecondPos="0" Third="-2000" ThirdPos="0" LabelDistance="10.000000000000" LabelPosition="0.000000000000" IsDriving="1" />
                        <Constrain Name="" Type="14" Value="0.000000000000" First="1" FirstPos="2" Second="0" SecondPos="1" Third="-1" ThirdPos="1" LabelDistance="10.000000000000" LabelPosition="0.000000000000" IsDriving="1" />
                        <Constrain Name="" Type="8" Value="33.000000000000" First="1" FirstPos="2" Second="1" SecondPos="1" Third="-2000" ThirdPos="0" LabelDistance="7.516297817230" LabelPosition="0.000000000000" IsDriving="1" />
                        <Constrain Name="" Type="7" Value="93.000000000000" First="0" FirstPos="1" Second="0" SecondPos="2" Third="-2000" ThirdPos="0" LabelDistance="7.516297817230" LabelPosition="0.000000000000" IsDriving="1" />
                        <Constrain Name="" Type="1" Value="0.000000000000" First="4" FirstPos="3" Second="0" SecondPos="1" Third="-2000" ThirdPos="0" LabelDistance="10.000000000000" LabelPosition="0.000000000000" IsDriving="1" />
                        <Constrain Name="" Type="1" Value="0.000000000000" First="5" FirstPos="3" Second="0" SecondPos="2" Third="-2000" ThirdPos="0" LabelDistance="10.000000000000" LabelPosition="0.000000000000" IsDriving="1" />
                        <Constrain Name="" Type="1" Value="0.000000000000" First="6" FirstPos="3" Second="1" SecondPos="2" Third="-2000" ThirdPos="0" LabelDistance="10.000000000000" LabelPosition="0.000000000000" IsDriving="1" />
                        <Constrain Name="" Type="1" Value="0.000000000000" First="7" FirstPos="3" Second="2" SecondPos="2" Third="-2000" ThirdPos="0" LabelDistance="10.000000000000" LabelPosition="0.000000000000" IsDriving="1" />
                        <Constrain Name="" Type="12" Value="0.000000000000" First="7" FirstPos="0" Second="4" SecondPos="0" Third="-2000" ThirdPos="0" LabelDistance="10.000000000000" LabelPosition="0.000000000000" IsDriving="1" />
                        <Constrain Name="" Type="12" Value="0.000000000000" First="4" FirstPos="0" Second="5" SecondPos="0" Third="-2000" ThirdPos="0" LabelDistance="10.000000000000" LabelPosition="0.000000000000" IsDriving="1" />
                        <Constrain Name="" Type="12" Value="0.000000000000" First="5" FirstPos="0" Second="6" SecondPos="0" Third="-2000" ThirdPos="0" LabelDistance="10.000000000000" LabelPosition="0.000000000000" IsDriving="1" />
                        <Constrain Name="" Type="11" Value="2.250000000000" First="4" FirstPos="0" Second="-2000" SecondPos="0" Third="-2000" ThirdPos="0" LabelDistance="6.784331798553" LabelPosition="10.000000000000" IsDriving="1" />
                    </ConstraintList>
                </Property>
                <Property name="ExpressionEngine" type="App::PropertyExpressionEngine">
                    <ExpressionEngine count="0">
                    </ExpressionEngine>
                </Property>
                <Property name="ExternalGeometry" type="App::PropertyLinkSubList">
                    <LinkSubList count="0">
                    </LinkSubList>
                </Property>
                <Property name="Geometry" type="Part::PropertyGeometryList">
                    <GeometryList count="8">
                        <Geometry  type="Part::GeomLineSegment">
                            <Construction value="1"/>
                            <LineSegment StartX="-46.500000000000" StartY="16.500000000000" StartZ="0.000000000000" EndX="46.500000000000" EndY="16.500000000000" EndZ="0.000000000000"/>
                        </Geometry>
                        <Geometry  type="Part::GeomLineSegment">
                            <Construction value="1"/>
                            <LineSegment StartX="46.500000000000" StartY="16.500000000000" StartZ="0.000000000000" EndX="46.500000000000" EndY="-16.500000000000" EndZ="0.000000000000"/>
                        </Geometry>
                        <Geometry  type="Part::GeomLineSegment">
                            <Construction value="1"/>
                            <LineSegment StartX="46.500000000000" StartY="-16.500000000000" StartZ="0.000000000000" EndX="-46.500000000000" EndY="-16.500000000000" EndZ="0.000000000000"/>
                        </Geometry>
                        <Geometry  type="Part::GeomLineSegment">
                            <Construction value="1"/>
                            <LineSegment StartX="-46.500000000000" StartY="-16.500000000000" StartZ="0.000000000000" EndX="-46.500000000000" EndY="16.500000000000" EndZ="0.000000000000"/>
                        </Geometry>
                        <Geometry  type="Part::GeomCircle">
                            <Construction value="0"/>
                            <Circle CenterX="-46.500000000000" CenterY="16.500000000000" CenterZ="0.000000000000" NormalX="0.000000000000" NormalY="0.000000000000" NormalZ="1.000000000000" Radius="2.250000000000"/>
                        </Geometry>
                        <Geometry  type="Part::GeomCircle">
                            <Construction value="0"/>
                            <Circle CenterX="46.500000000000" CenterY="16.500000000000" CenterZ="0.000000000000" NormalX="0.000000000000" NormalY="0.000000000000" NormalZ="1.000000000000" Radius="2.250000000000"/>
                        </Geometry>
                        <Geometry  type="Part::GeomCircle">
                            <Construction value="0"/>
                            <Circle CenterX="46.500000000000" CenterY="-16.500000000000" CenterZ="0.000000000000" NormalX="0.000000000000" NormalY="0.000000000000" NormalZ="1.000000000000" Radius="2.250000000000"/>
                        </Geometry>
                        <Geometry  type="Part::GeomCircle">
                            <Construction value="0"/>
                            <Circle CenterX="-46.500000000000" CenterY="-16.500000000000" CenterZ="0.000000000000" NormalX="0.000000000000" NormalY="0.000000000000" NormalZ="1.000000000000" Radius="2.250000000000"/>
                        </Geometry>
                    </GeometryList>
                </Property>
                <Property name="Label" type="App::PropertyString">
                    <String value="Sketch008"/>
                </Property>
                <Property name="Placement" type="App::PropertyPlacement">
                    <PropertyPlacement Px="-0.000000000000" Py="0.000000000000" Pz="15.000000000000" Q0="0.000000000000" Q1="0.000000000000" Q2="0.000000000000" Q3="1.000000000000"/>
                </Property>
                <Property name="Shape" type="Part::PropertyPartShape">
                    <Part file="PartShape19.brp"/>
                </Property>
                <Property name="Support" type="App::PropertyLinkSub">
                    <LinkSub value="Pocket" count="1">
                        <Sub value="Face5"/>
                    </LinkSub>
                </Property>
            </Properties>
        </Object>
        <Object name="Pocket002">
            <Properties Count="11">
                <Property name="ExpressionEngine" type="App::PropertyExpressionEngine">
                    <ExpressionEngine count="0">
                    </ExpressionEngine>
                </Property>
                <Property name="Label" type="App::PropertyString">
                    <String value="Pocket002"/>
                </Property>
                <Property name="Length" type="App::PropertyLength">
                    <Float value="5.000000000000"/>
                </Property>
                <Property name="Midplane" type="App::PropertyBool">
                    <Bool value="false"/>
                </Property>
                <Property name="Placement" type="App::PropertyPlacement">
                    <PropertyPlacement Px="0.000000000000" Py="0.000000000000" Pz="0.000000000000" Q0="0.000000000000" Q1="0.000000000000" Q2="0.000000000000" Q3="1.000000000000"/>
                </Property>
                <Property name="Reversed" type="App::PropertyBool">
                    <Bool value="false"/>
                </Property>
                <Property name="Shape" type="Part::PropertyPartShape">
                    <Part file="PartShape20.brp"/>
                </Property>
                <Property name="Sketch" type="App::PropertyLink">
                    <Link value="Sketch008"/>
                </Property>
                <Property name="SubShape" type="Part::PropertyPartShape">
                    <Part file="PartShape21.brp"/>
                </Property>
                <Property name="Type" type="App::PropertyEnumeration">
                    <Integer value="1"/>
                </Property>
                <Property name="UpToFace" type="App::PropertyLinkSub">
                    <LinkSub value="" count="0">
                    </LinkSub>
                </Property>
            </Properties>
        </Object>
        <Object name="Fillet">
            <Properties Count="6">
                <Property name="Base" type="App::PropertyLinkSub">
                    <LinkSub value="Pocket001" count="1">
                        <Sub value="Edge14"/>
                    </LinkSub>
                </Property>
                <Property name="ExpressionEngine" type="App::PropertyExpressionEngine">
                    <ExpressionEngine count="0">
                    </ExpressionEngine>
                </Property>
                <Property name="Label" type="App::PropertyString">
                    <String value="Fillet"/>
                </Property>
                <Property name="Placement" type="App::PropertyPlacement">
                    <PropertyPlacement Px="0.000000000000" Py="0.000000000000" Pz="0.000000000000" Q0="0.000000000000" Q1="0.000000000000" Q2="0.000000000000" Q3="1.000000000000"/>
                </Property>
                <Property name="Radius" type="App::PropertyQuantityConstraint">
                    <Float value="8.000000000000"/>
                </Property>
                <Property name="Shape" type="Part::PropertyPartShape">
                    <Part file="PartShape22.brp"/>
                </Property>
            </Properties>
        </Object>
        <Object name="Fillet001">
            <Properties Count="6">
                <Property name="Base" type="App::PropertyLinkSub">
                    <LinkSub value="Fillet" count="1">
                        <Sub value="Edge14"/>
                    </LinkSub>
                </Property>
                <Property name="ExpressionEngine" type="App::PropertyExpressionEngine">
                    <ExpressionEngine count="0">
                    </ExpressionEngine>
                </Property>
                <Property name="Label" type="App::PropertyString">
                    <String value="Fillet001"/>
                </Property>
                <Property name="Placement" type="App::PropertyPlacement">
                    <PropertyPlacement Px="0.000000000000" Py="0.000000000000" Pz="0.000000000000" Q0="0.000000000000" Q1="0.000000000000" Q2="0.000000000000" Q3="1.000000000000"/>
                </Property>
                <Property name="Radius" type="App::PropertyQuantityConstraint">
                    <Float value="8.000000000000"/>
                </Property>
                <Property name="Shape" type="Part::PropertyPartShape">
                    <Part file="PartShape23.brp"/>
                </Property>
            </Properties>
        </Object>
        <Object name="Fillet002">
            <Properties Count="6">
                <Property name="Base" type="App::PropertyLinkSub">
                    <LinkSub value="Fillet001" count="1">
                        <Sub value="Edge15"/>
                    </LinkSub>
                </Property>
                <Property name="ExpressionEngine" type="App::PropertyExpressionEngine">
                    <ExpressionEngine count="0">
                    </ExpressionEngine>
                </Property>
                <Property name="Label" type="App::PropertyString">
                    <String value="Fillet002"/>
                </Property>
                <Property name="Placement" type="App::PropertyPlacement">
                    <PropertyPlacement Px="0.000000000000" Py="0.000000000000" Pz="0.000000000000" Q0="0.000000000000" Q1="0.000000000000" Q2="0.000000000000" Q3="1.000000000000"/>
                </Property>
                <Property name="Radius" type="App::PropertyQuantityConstraint">
                    <Float value="8.000000000000"/>
                </Property>
                <Property name="Shape" type="Part::PropertyPartShape">
                    <Part file="PartShape24.brp"/>
                </Property>
            </Properties>
        </Object>
        <Object name="Fillet003">
            <Properties Count="6">
                <Property name="Base" type="App::PropertyLinkSub">
                    <LinkSub value="Fillet002" count="1">
                        <Sub value="Edge16"/>
                    </LinkSub>
                </Property>
                <Property name="ExpressionEngine" type="App::PropertyExpressionEngine">
                    <ExpressionEngine count="0">
                    </ExpressionEngine>
                </Property>
                <Property name="Label" type="App::PropertyString">
                    <String value="Fillet003"/>
                </Property>
                <Property name="Placement" type="App::PropertyPlacement">
                    <PropertyPlacement Px="0.000000000000" Py="0.000000000000" Pz="0.000000000000" Q0="0.000000000000" Q1="0.000000000000" Q2="0.000000000000" Q3="1.000000000000"/>
                </Property>
                <Property name="Radius" type="App::PropertyQuantityConstraint">
                    <Float value="8.000000000000"/>
                </Property>
                <Property name="Shape" type="Part::PropertyPartShape">
                    <Part file="PartShape25.brp"/>
                </Property>
            </Properties>
        </Object>
        <Object name="Fillet004">
            <Properties Count="6">
                <Property name="Base" type="App::PropertyLinkSub">
                    <LinkSub value="Pad001" count="1">
                        <Sub value="Edge6"/>
                    </LinkSub>
                </Property>
                <Property name="ExpressionEngine" type="App::PropertyExpressionEngine">
                    <ExpressionEngine count="0">
                    </ExpressionEngine>
                </Property>
                <Property name="Label" type="App::PropertyString">
                    <String value="Fillet004"/>
                </Property>
                <Property name="Placement" type="App::PropertyPlacement">
                    <PropertyPlacement Px="28.500000000000" Py="7.500000000000" Pz="0.000000000000" Q0="0.707106781187" Q1="-0.000000000000" Q2="-0.000000000000" Q3="0.707106781187"/>
                </Property>
                <Property name="Radius" type="App::PropertyQuantityConstraint">
                    <Float value="2.000000000000"/>
                </Property>
                <Property name="Shape" type="Part::PropertyPartShape">
                    <Part file="PartShape26.brp"/>
                </Property>
            </Properties>
        </Object>
        <Object name="Fillet005">
            <Properties Count="6">
                <Property name="Base" type="App::PropertyLinkSub">
                    <LinkSub value="Fillet004" count="1">
                        <Sub value="Edge7"/>
                    </LinkSub>
                </Property>
                <Property name="ExpressionEngine" type="App::PropertyExpressionEngine">
                    <ExpressionEngine count="0">
                    </ExpressionEngine>
                </Property>
                <Property name="Label" type="App::PropertyString">
                    <String value="Fillet005"/>
                </Property>
                <Property name="Placement" type="App::PropertyPlacement">
                    <PropertyPlacement Px="28.500000000000" Py="7.500000000000" Pz="0.000000000000" Q0="0.707106781187" Q1="-0.000000000000" Q2="-0.000000000000" Q3="0.707106781187"/>
                </Property>
                <Property name="Radius" type="App::PropertyQuantityConstraint">
                    <Float value="2.000000000000"/>
                </Property>
                <Property name="Shape" type="Part::PropertyPartShape">
                    <Part file="PartShape27.brp"/>
                </Property>
            </Properties>
        </Object>
        <Object name="Fillet006">
            <Properties Count="6">
                <Property name="Base" type="App::PropertyLinkSub">
                    <LinkSub value="Pad002" count="1">
                        <Sub value="Edge9"/>
                    </LinkSub>
                </Property>
                <Property name="ExpressionEngine" type="App::PropertyExpressionEngine">
                    <ExpressionEngine count="0">
                    </ExpressionEngine>
                </Property>
                <Property name="Label" type="App::PropertyString">
                    <String value="Fillet006"/>
                </Property>
                <Property name="Placement" type="App::PropertyPlacement">
                    <PropertyPlacement Px="-28.500000000000" Py="7.500000000000" Pz="0.000000000000" Q0="0.707106781187" Q1="-0.000000000000" Q2="-0.000000000000" Q3="0.707106781187"/>
                </Property>
                <Property name="Radius" type="App::PropertyQuantityConstraint">
                    <Float value="2.000000000000"/>
                </Property>
                <Property name="Shape" type="Part::PropertyPartShape">
                    <Part file="PartShape28.brp"/>
                </Property>
            </Properties>
        </Object>
        <Object name="Fillet007">
            <Properties Count="6">
                <Property name="Base" type="App::PropertyLinkSub">
                    <LinkSub value="Fillet006" count="1">
                        <Sub value="Edge8"/>
                    </LinkSub>
                </Property>
                <Property name="ExpressionEngine" type="App::PropertyExpressionEngine">
                    <ExpressionEngine count="0">
                    </ExpressionEngine>
                </Property>
                <Property name="Label" type="App::PropertyString">
                    <String value="Fillet007"/>
                </Property>
                <Property name="Placement" type="App::PropertyPlacement">
                    <PropertyPlacement Px="-28.500000000000" Py="7.500000000000" Pz="0.000000000000" Q0="0.707106781187" Q1="-0.000000000000" Q2="-0.000000000000" Q3="0.707106781187"/>
                </Property>
                <Property name="Radius" type="App::PropertyQuantityConstraint">
                    <Float value="2.000000000000"/>
                </Property>
                <Property name="Shape" type="Part::PropertyPartShape">
                    <Part file="PartShape29.brp"/>
                </Property>
            </Properties>
        </Object>
        <Object name="Fillet008">
            <Properties Count="6">
                <Property name="Base" type="App::PropertyLinkSub">
                    <LinkSub value="Pocket002" count="1">
                        <Sub value="Edge8"/>
                    </LinkSub>
                </Property>
                <Property name="ExpressionEngine" type="App::PropertyExpressionEngine">
                    <ExpressionEngine count="0">
                    </ExpressionEngine>
                </Property>
                <Property name="Label" type="App::PropertyString">
                    <String value="Fillet008"/>
                </Property>
                <Property name="Placement" type="App::PropertyPlacement">
                    <PropertyPlacement Px="0.000000000000" Py="0.000000000000" Pz="0.000000000000" Q0="0.000000000000" Q1="0.000000000000" Q2="0.000000000000" Q3="1.000000000000"/>
                </Property>
                <Property name="Radius" type="App::PropertyQuantityConstraint">
                    <Float value="8.000000000000"/>
                </Property>
                <Property name="Shape" type="Part::PropertyPartShape">
                    <Part file="PartShape30.brp"/>
                </Property>
            </Properties>
        </Object>
        <Object name="Fillet009">
            <Properties Count="6">
                <Property name="Base" type="App::PropertyLinkSub">
                    <LinkSub value="Fillet008" count="1">
                        <Sub value="Edge3"/>
                    </LinkSub>
                </Property>
                <Property name="ExpressionEngine" type="App::PropertyExpressionEngine">
                    <ExpressionEngine count="0">
                    </ExpressionEngine>
                </Property>
                <Property name="Label" type="App::PropertyString">
                    <String value="Fillet009"/>
                </Property>
                <Property name="Placement" type="App::PropertyPlacement">
                    <PropertyPlacement Px="0.000000000000" Py="0.000000000000" Pz="0.000000000000" Q0="0.000000000000" Q1="0.000000000000" Q2="0.000000000000" Q3="1.000000000000"/>
                </Property>
                <Property name="Radius" type="App::PropertyQuantityConstraint">
                    <Float value="8.000000000000"/>
                </Property>
                <Property name="Shape" type="Part::PropertyPartShape">
                    <Part file="PartShape31.brp"/>
                </Property>
            </Properties>
        </Object>
        <Object name="Fillet010">
            <Properties Count="6">
                <Property name="Base" type="App::PropertyLinkSub">
                    <LinkSub value="Fillet009" count="1">
                        <Sub value="Edge27"/>
                    </LinkSub>
                </Property>
                <Property name="ExpressionEngine" type="App::PropertyExpressionEngine">
                    <ExpressionEngine count="0">
                    </ExpressionEngine>
                </Property>
                <Property name="Label" type="App::PropertyString">
                    <String value="Fillet010"/>
                </Property>
                <Property name="Placement" type="App::PropertyPlacement">
                    <PropertyPlacement Px="0.000000000000" Py="0.000000000000" Pz="0.000000000000" Q0="0.000000000000" Q1="0.000000000000" Q2="0.000000000000" Q3="1.000000000000"/>
                </Property>
                <Property name="Radius" type="App::PropertyQuantityConstraint">
                    <Float value="8.000000000000"/>
                </Property>
                <Property name="Shape" type="Part::PropertyPartShape">
                    <Part file="PartShape32.brp"/>
                </Property>
            </Properties>
        </Object>
        <Object name="Fillet011">
            <Properties Count="6">
                <Property name="Base" type="App::PropertyLinkSub">
                    <LinkSub value="Fillet010" count="1">
                        <Sub value="Edge20"/>
                    </LinkSub>
                </Property>
                <Property name="ExpressionEngine" type="App::PropertyExpressionEngine">
                    <ExpressionEngine count="0">
                    </ExpressionEngine>
                </Property>
                <Property name="Label" type="App::PropertyString">
                    <String value="Fillet011"/>
                </Property>
                <Property name="Placement" type="App::PropertyPlacement">
                    <PropertyPlacement Px="0.000000000000" Py="0.000000000000" Pz="0.000000000000" Q0="0.000000000000" Q1="0.000000000000" Q2="0.000000000000" Q3="1.000000000000"/>
                </Property>
                <Property name="Radius" type="App::PropertyQuantityConstraint">
                    <Float value="8.000000000000"/>
                </Property>
                <Property name="Shape" type="Part::PropertyPartShape">
                    <Part file="PartShape33.brp"/>
                </Property>
            </Properties>
        </Object>
        <Object name="Chamfer">
            <Properties Count="6">
                <Property name="Base" type="App::PropertyLinkSub">
                    <LinkSub value="Fillet011" count="1">
                        <Sub value="Edge34"/>
                    </LinkSub>
                </Property>
                <Property name="ExpressionEngine" type="App::PropertyExpressionEngine">
                    <ExpressionEngine count="0">
                    </ExpressionEngine>
                </Property>
                <Property name="Label" type="App::PropertyString">
                    <String value="Chamfer"/>
                </Property>
                <Property name="Placement" type="App::PropertyPlacement">
                    <PropertyPlacement Px="0.000000000000" Py="0.000000000000" Pz="0.000000000000" Q0="0.000000000000" Q1="0.000000000000" Q2="0.000000000000" Q3="1.000000000000"/>
                </Property>
                <Property name="Shape" type="Part::PropertyPartShape">
                    <Part file="PartShape34.brp"/>
                </Property>
                <Property name="Size" type="App::PropertyQuantityConstraint">
                    <Float value="3.000000000000"/>
                </Property>
            </Properties>
        </Object>
        <Object name="Chamfer001">
            <Properties Count="6">
                <Property name="Base" type="App::PropertyLinkSub">
                    <LinkSub value="Chamfer" count="1">
                        <Sub value="Edge21"/>
                    </LinkSub>
                </Property>
                <Property name="ExpressionEngine" type="App::PropertyExpressionEngine">
                    <ExpressionEngine count="0">
                    </ExpressionEngine>
                </Property>
                <Property name="Label" type="App::PropertyString">
                    <String value="Chamfer001"/>
                </Property>
                <Property name="Placement" type="App::PropertyPlacement">
                    <PropertyPlacement Px="0.000000000000" Py="0.000000000000" Pz="0.000000000000" Q0="0.000000000000" Q1="0.000000000000" Q2="0.000000000000" Q3="1.000000000000"/>
                </Property>
                <Property name="Shape" type="Part::PropertyPartShape">
                    <Part file="PartShape35.brp"/>
                </Property>
                <Property name="Size" type="App::PropertyQuantityConstraint">
                    <Float value="3.000000000000"/>
                </Property>
            </Properties>
        </Object>
        <Object name="Chamfer002">
            <Properties Count="6">
                <Property name="Base" type="App::PropertyLinkSub">
                    <LinkSub value="Chamfer001" count="1">
                        <Sub value="Edge41"/>
                    </LinkSub>
                </Property>
                <Property name="ExpressionEngine" type="App::PropertyExpressionEngine">
                    <ExpressionEngine count="0">
                    </ExpressionEngine>
                </Property>
                <Property name="Label" type="App::PropertyString">
                    <String value="Chamfer002"/>
                </Property>
                <Property name="Placement" type="App::PropertyPlacement">
                    <PropertyPlacement Px="0.000000000000" Py="0.000000000000" Pz="0.000000000000" Q0="0.000000000000" Q1="0.000000000000" Q2="0.000000000000" Q3="1.000000000000"/>
                </Property>
                <Property name="Shape" type="Part::PropertyPartShape">
                    <Part file="PartShape36.brp"/>
                </Property>
                <Property name="Size" type="App::PropertyQuantityConstraint">
                    <Float value="1.000000000000"/>
                </Property>
            </Properties>
        </Object>
    </ObjectData>
</Document>
