<?xml version='1.0' encoding='utf-8'?>
<!--
 FreeCAD Document, see http://www.freecadweb.org for more information...
-->
<Document SchemaVersion="4" ProgramVersion="0.16R6712 (Git)" FileVersion="1">
    <Properties Count="13">
        <Property name="Comment" type="App::PropertyString">
            <String value=""/>
        </Property>
        <Property name="Company" type="App::PropertyString">
            <String value=""/>
        </Property>
        <Property name="CreatedBy" type="App::PropertyString">
            <String value=""/>
        </Property>
        <Property name="CreationDate" type="App::PropertyString">
            <String value="2019-04-25T11:45:46-06:00"/>
        </Property>
        <Property name="Id" type="App::PropertyString">
            <String value=""/>
        </Property>
        <Property name="Label" type="App::PropertyString">
            <String value="sujetador_motor"/>
        </Property>
        <Property name="LastModifiedBy" type="App::PropertyString">
            <String value=""/>
        </Property>
        <Property name="LastModifiedDate" type="App::PropertyString">
            <String value="2019-05-06T11:45:05-06:00"/>
        </Property>
        <Property name="License" type="App::PropertyString">
            <String value="All rights reserved"/>
        </Property>
        <Property name="LicenseURL" type="App::PropertyString">
            <String value="http://en.wikipedia.org/wiki/All_rights_reserved"/>
        </Property>
        <Property name="Material" type="App::PropertyMap">
            <Map count="0">
            </Map>
        </Property>
        <Property name="Meta" type="App::PropertyMap">
            <Map count="0">
            </Map>
        </Property>
        <Property name="Uid" type="App::PropertyUUID">
            <Uuid value="047dc6db-6b93-460e-9c5a-08316dca828b"/>
        </Property>
    </Properties>
    <Objects Count="24">
        <Object type="Sketcher::SketchObject" name="Sketch" />
        <Object type="PartDesign::Pad" name="Pad" />
        <Object type="Sketcher::SketchObject" name="Sketch001" />
        <Object type="PartDesign::Pocket" name="Pocket" />
        <Object type="PartDesign::Fillet" name="Fillet" />
        <Object type="PartDesign::Fillet" name="Fillet001" />
        <Object type="PartDesign::Fillet" name="Fillet002" />
        <Object type="PartDesign::Fillet" name="Fillet003" />
        <Object type="Sketcher::SketchObject" name="Sketch002" />
        <Object type="PartDesign::Pocket" name="Pocket001" />
        <Object type="Sketcher::SketchObject" name="Sketch003" />
        <Object type="PartDesign::Pocket" name="Pocket002" />
        <Object type="PartDesign::Chamfer" name="Chamfer" />
        <Object type="PartDesign::Chamfer" name="Chamfer001" />
        <Object type="PartDesign::Chamfer" name="Chamfer002" />
        <Object type="PartDesign::Chamfer" name="Chamfer003" />
        <Object type="PartDesign::Chamfer" name="Chamfer004" />
        <Object type="PartDesign::Chamfer" name="Chamfer005" />
        <Object type="Sketcher::SketchObject" name="Sketch004" />
        <Object type="PartDesign::Pocket" name="Pocket003" />
        <Object type="Sketcher::SketchObject" name="Sketch005" />
        <Object type="PartDesign::Pocket" name="Pocket004" />
        <Object type="Sketcher::SketchObject" name="Sketch006" />
        <Object type="PartDesign::Pocket" name="Pocket005" />
    </Objects>
    <ObjectData Count="24">
        <Object name="Sketch">
            <Properties Count="8">
                <Property name="Constraints" type="Sketcher::PropertyConstraintList">
                    <ConstraintList count="11">
                        <Constrain Name="" Type="1" Value="0.000000000000" First="0" FirstPos="2" Second="1" SecondPos="1" Third="-2000" ThirdPos="0" LabelDistance="10.000000000000" LabelPosition="0.000000000000" IsDriving="1" />
                        <Constrain Name="" Type="1" Value="0.000000000000" First="1" FirstPos="2" Second="2" SecondPos="1" Third="-2000" ThirdPos="0" LabelDistance="10.000000000000" LabelPosition="0.000000000000" IsDriving="1" />
                        <Constrain Name="" Type="1" Value="0.000000000000" First="2" FirstPos="2" Second="3" SecondPos="1" Third="-2000" ThirdPos="0" LabelDistance="10.000000000000" LabelPosition="0.000000000000" IsDriving="1" />
                        <Constrain Name="" Type="1" Value="0.000000000000" First="3" FirstPos="2" Second="0" SecondPos="1" Third="-2000" ThirdPos="0" LabelDistance="10.000000000000" LabelPosition="0.000000000000" IsDriving="1" />
                        <Constrain Name="" Type="2" Value="0.000000000000" First="0" FirstPos="0" Second="-2000" SecondPos="0" Third="-2000" ThirdPos="0" LabelDistance="10.000000000000" LabelPosition="0.000000000000" IsDriving="1" />
                        <Constrain Name="" Type="2" Value="0.000000000000" First="2" FirstPos="0" Second="-2000" SecondPos="0" Third="-2000" ThirdPos="0" LabelDistance="10.000000000000" LabelPosition="0.000000000000" IsDriving="1" />
                        <Constrain Name="" Type="3" Value="0.000000000000" First="1" FirstPos="0" Second="-2000" SecondPos="0" Third="-2000" ThirdPos="0" LabelDistance="10.000000000000" LabelPosition="0.000000000000" IsDriving="1" />
                        <Constrain Name="" Type="3" Value="0.000000000000" First="3" FirstPos="0" Second="-2000" SecondPos="0" Third="-2000" ThirdPos="0" LabelDistance="10.000000000000" LabelPosition="0.000000000000" IsDriving="1" />
                        <Constrain Name="" Type="14" Value="0.000000000000" First="0" FirstPos="1" Second="1" SecondPos="2" Third="-1" ThirdPos="1" LabelDistance="10.000000000000" LabelPosition="0.000000000000" IsDriving="1" />
                        <Constrain Name="" Type="8" Value="57.000000000000" First="1" FirstPos="2" Second="1" SecondPos="1" Third="-2000" ThirdPos="0" LabelDistance="17.434040069580" LabelPosition="0.000000000000" IsDriving="1" />
                        <Constrain Name="" Type="7" Value="117.000000000000" First="0" FirstPos="1" Second="0" SecondPos="2" Third="-2000" ThirdPos="0" LabelDistance="11.686386108398" LabelPosition="0.000000000000" IsDriving="1" />
                    </ConstraintList>
                </Property>
                <Property name="ExpressionEngine" type="App::PropertyExpressionEngine">
                    <ExpressionEngine count="0">
                    </ExpressionEngine>
                </Property>
                <Property name="ExternalGeometry" type="App::PropertyLinkSubList">
                    <LinkSubList count="0">
                    </LinkSubList>
                </Property>
                <Property name="Geometry" type="Part::PropertyGeometryList">
                    <GeometryList count="4">
                        <Geometry  type="Part::GeomLineSegment">
                            <Construction value="0"/>
                            <LineSegment StartX="-58.500000000000" StartY="28.500000000000" StartZ="0.000000000000" EndX="58.500000000000" EndY="28.500000000000" EndZ="0.000000000000"/>
                        </Geometry>
                        <Geometry  type="Part::GeomLineSegment">
                            <Construction value="0"/>
                            <LineSegment StartX="58.500000000000" StartY="28.500000000000" StartZ="0.000000000000" EndX="58.500000000000" EndY="-28.500000000000" EndZ="0.000000000000"/>
                        </Geometry>
                        <Geometry  type="Part::GeomLineSegment">
                            <Construction value="0"/>
                            <LineSegment StartX="58.500000000000" StartY="-28.500000000000" StartZ="0.000000000000" EndX="-58.500000000000" EndY="-28.500000000000" EndZ="0.000000000000"/>
                        </Geometry>
                        <Geometry  type="Part::GeomLineSegment">
                            <Construction value="0"/>
                            <LineSegment StartX="-58.500000000000" StartY="-28.500000000000" StartZ="0.000000000000" EndX="-58.500000000000" EndY="28.500000000000" EndZ="0.000000000000"/>
                        </Geometry>
                    </GeometryList>
                </Property>
                <Property name="Label" type="App::PropertyString">
                    <String value="Sketch"/>
                </Property>
                <Property name="Placement" type="App::PropertyPlacement">
                    <PropertyPlacement Px="0.000000000000" Py="0.000000000000" Pz="0.000000000000" Q0="0.000000000000" Q1="0.000000000000" Q2="0.000000000000" Q3="1.000000000000"/>
                </Property>
                <Property name="Shape" type="Part::PropertyPartShape">
                    <Part file="PartShape.brp"/>
                </Property>
                <Property name="Support" type="App::PropertyLinkSub">
                    <LinkSub value="" count="0">
                    </LinkSub>
                </Property>
            </Properties>
        </Object>
        <Object name="Pad">
            <Properties Count="12">
                <Property name="AddShape" type="Part::PropertyPartShape">
                    <Part file="PartShape1.brp"/>
                </Property>
                <Property name="ExpressionEngine" type="App::PropertyExpressionEngine">
                    <ExpressionEngine count="0">
                    </ExpressionEngine>
                </Property>
                <Property name="Label" type="App::PropertyString">
                    <String value="Pad"/>
                </Property>
                <Property name="Length" type="App::PropertyLength">
                    <Float value="30.000000000000"/>
                </Property>
                <Property name="Length2" type="App::PropertyLength">
                    <Float value="100.000000000000"/>
                </Property>
                <Property name="Midplane" type="App::PropertyBool">
                    <Bool value="false"/>
                </Property>
                <Property name="Placement" type="App::PropertyPlacement">
                    <PropertyPlacement Px="0.000000000000" Py="0.000000000000" Pz="0.000000000000" Q0="0.000000000000" Q1="0.000000000000" Q2="0.000000000000" Q3="1.000000000000"/>
                </Property>
                <Property name="Reversed" type="App::PropertyBool">
                    <Bool value="false"/>
                </Property>
                <Property name="Shape" type="Part::PropertyPartShape">
                    <Part file="PartShape2.brp"/>
                </Property>
                <Property name="Sketch" type="App::PropertyLink">
                    <Link value="Sketch"/>
                </Property>
                <Property name="Type" type="App::PropertyEnumeration">
                    <Integer value="0"/>
                </Property>
                <Property name="UpToFace" type="App::PropertyLinkSub">
                    <LinkSub value="" count="0">
                    </LinkSub>
                </Property>
            </Properties>
        </Object>
        <Object name="Sketch001">
            <Properties Count="8">
                <Property name="Constraints" type="Sketcher::PropertyConstraintList">
                    <ConstraintList count="11">
                        <Constrain Name="" Type="1" Value="0.000000000000" First="0" FirstPos="2" Second="1" SecondPos="1" Third="-2000" ThirdPos="0" LabelDistance="10.000000000000" LabelPosition="0.000000000000" IsDriving="1" />
                        <Constrain Name="" Type="1" Value="0.000000000000" First="1" FirstPos="2" Second="2" SecondPos="1" Third="-2000" ThirdPos="0" LabelDistance="10.000000000000" LabelPosition="0.000000000000" IsDriving="1" />
                        <Constrain Name="" Type="1" Value="0.000000000000" First="2" FirstPos="2" Second="3" SecondPos="1" Third="-2000" ThirdPos="0" LabelDistance="10.000000000000" LabelPosition="0.000000000000" IsDriving="1" />
                        <Constrain Name="" Type="1" Value="0.000000000000" First="3" FirstPos="2" Second="0" SecondPos="1" Third="-2000" ThirdPos="0" LabelDistance="10.000000000000" LabelPosition="0.000000000000" IsDriving="1" />
                        <Constrain Name="" Type="2" Value="0.000000000000" First="0" FirstPos="0" Second="-2000" SecondPos="0" Third="-2000" ThirdPos="0" LabelDistance="10.000000000000" LabelPosition="0.000000000000" IsDriving="1" />
                        <Constrain Name="" Type="2" Value="0.000000000000" First="2" FirstPos="0" Second="-2000" SecondPos="0" Third="-2000" ThirdPos="0" LabelDistance="10.000000000000" LabelPosition="0.000000000000" IsDriving="1" />
                        <Constrain Name="" Type="3" Value="0.000000000000" First="1" FirstPos="0" Second="-2000" SecondPos="0" Third="-2000" ThirdPos="0" LabelDistance="10.000000000000" LabelPosition="0.000000000000" IsDriving="1" />
                        <Constrain Name="" Type="3" Value="0.000000000000" First="3" FirstPos="0" Second="-2000" SecondPos="0" Third="-2000" ThirdPos="0" LabelDistance="10.000000000000" LabelPosition="0.000000000000" IsDriving="1" />
                        <Constrain Name="" Type="14" Value="0.000000000000" First="1" FirstPos="2" Second="0" SecondPos="1" Third="-1" ThirdPos="1" LabelDistance="10.000000000000" LabelPosition="0.000000000000" IsDriving="1" />
                        <Constrain Name="" Type="7" Value="43.000000000000" First="0" FirstPos="1" Second="0" SecondPos="2" Third="-2000" ThirdPos="0" LabelDistance="7.833620548248" LabelPosition="0.000000000000" IsDriving="1" />
                        <Constrain Name="" Type="12" Value="0.000000000000" First="0" FirstPos="0" Second="1" SecondPos="0" Third="-2000" ThirdPos="0" LabelDistance="10.000000000000" LabelPosition="0.000000000000" IsDriving="1" />
                    </ConstraintList>
                </Property>
                <Property name="ExpressionEngine" type="App::PropertyExpressionEngine">
                    <ExpressionEngine count="0">
                    </ExpressionEngine>
                </Property>
                <Property name="ExternalGeometry" type="App::PropertyLinkSubList">
                    <LinkSubList count="0">
                    </LinkSubList>
                </Property>
                <Property name="Geometry" type="Part::PropertyGeometryList">
                    <GeometryList count="4">
                        <Geometry  type="Part::GeomLineSegment">
                            <Construction value="0"/>
                            <LineSegment StartX="-21.500000000000" StartY="21.500000000000" StartZ="0.000000000000" EndX="21.500000000000" EndY="21.500000000000" EndZ="0.000000000000"/>
                        </Geometry>
                        <Geometry  type="Part::GeomLineSegment">
                            <Construction value="0"/>
                            <LineSegment StartX="21.500000000000" StartY="21.500000000000" StartZ="0.000000000000" EndX="21.500000000000" EndY="-21.500000000000" EndZ="0.000000000000"/>
                        </Geometry>
                        <Geometry  type="Part::GeomLineSegment">
                            <Construction value="0"/>
                            <LineSegment StartX="21.500000000000" StartY="-21.500000000000" StartZ="0.000000000000" EndX="-21.500000000000" EndY="-21.500000000000" EndZ="0.000000000000"/>
                        </Geometry>
                        <Geometry  type="Part::GeomLineSegment">
                            <Construction value="0"/>
                            <LineSegment StartX="-21.500000000000" StartY="-21.500000000000" StartZ="0.000000000000" EndX="-21.500000000000" EndY="21.500000000000" EndZ="0.000000000000"/>
                        </Geometry>
                    </GeometryList>
                </Property>
                <Property name="Label" type="App::PropertyString">
                    <String value="Sketch001"/>
                </Property>
                <Property name="Placement" type="App::PropertyPlacement">
                    <PropertyPlacement Px="-0.000000000000" Py="0.000000000000" Pz="30.000000000000" Q0="0.000000000000" Q1="0.000000000000" Q2="0.000000000000" Q3="1.000000000000"/>
                </Property>
                <Property name="Shape" type="Part::PropertyPartShape">
                    <Part file="PartShape3.brp"/>
                </Property>
                <Property name="Support" type="App::PropertyLinkSub">
                    <LinkSub value="Pad" count="1">
                        <Sub value="Face6"/>
                    </LinkSub>
                </Property>
            </Properties>
        </Object>
        <Object name="Pocket">
            <Properties Count="11">
                <Property name="ExpressionEngine" type="App::PropertyExpressionEngine">
                    <ExpressionEngine count="0">
                    </ExpressionEngine>
                </Property>
                <Property name="Label" type="App::PropertyString">
                    <String value="Pocket"/>
                </Property>
                <Property name="Length" type="App::PropertyLength">
                    <Float value="15.000000000000"/>
                </Property>
                <Property name="Midplane" type="App::PropertyBool">
                    <Bool value="false"/>
                </Property>
                <Property name="Placement" type="App::PropertyPlacement">
                    <PropertyPlacement Px="0.000000000000" Py="0.000000000000" Pz="0.000000000000" Q0="0.000000000000" Q1="0.000000000000" Q2="0.000000000000" Q3="1.000000000000"/>
                </Property>
                <Property name="Reversed" type="App::PropertyBool">
                    <Bool value="false"/>
                </Property>
                <Property name="Shape" type="Part::PropertyPartShape">
                    <Part file="PartShape4.brp"/>
                </Property>
                <Property name="Sketch" type="App::PropertyLink">
                    <Link value="Sketch001"/>
                </Property>
                <Property name="SubShape" type="Part::PropertyPartShape">
                    <Part file="PartShape5.brp"/>
                </Property>
                <Property name="Type" type="App::PropertyEnumeration">
                    <Integer value="0"/>
                </Property>
                <Property name="UpToFace" type="App::PropertyLinkSub">
                    <LinkSub value="" count="0">
                    </LinkSub>
                </Property>
            </Properties>
        </Object>
        <Object name="Fillet">
            <Properties Count="6">
                <Property name="Base" type="App::PropertyLinkSub">
                    <LinkSub value="Pocket" count="1">
                        <Sub value="Edge8"/>
                    </LinkSub>
                </Property>
                <Property name="ExpressionEngine" type="App::PropertyExpressionEngine">
                    <ExpressionEngine count="0">
                    </ExpressionEngine>
                </Property>
                <Property name="Label" type="App::PropertyString">
                    <String value="Fillet"/>
                </Property>
                <Property name="Placement" type="App::PropertyPlacement">
                    <PropertyPlacement Px="0.000000000000" Py="0.000000000000" Pz="0.000000000000" Q0="0.000000000000" Q1="0.000000000000" Q2="0.000000000000" Q3="1.000000000000"/>
                </Property>
                <Property name="Radius" type="App::PropertyQuantityConstraint">
                    <Float value="8.000000000000"/>
                </Property>
                <Property name="Shape" type="Part::PropertyPartShape">
                    <Part file="PartShape6.brp"/>
                </Property>
            </Properties>
        </Object>
        <Object name="Fillet001">
            <Properties Count="6">
                <Property name="Base" type="App::PropertyLinkSub">
                    <LinkSub value="Fillet" count="1">
                        <Sub value="Edge19"/>
                    </LinkSub>
                </Property>
                <Property name="ExpressionEngine" type="App::PropertyExpressionEngine">
                    <ExpressionEngine count="0">
                    </ExpressionEngine>
                </Property>
                <Property name="Label" type="App::PropertyString">
                    <String value="Fillet001"/>
                </Property>
                <Property name="Placement" type="App::PropertyPlacement">
                    <PropertyPlacement Px="0.000000000000" Py="0.000000000000" Pz="0.000000000000" Q0="0.000000000000" Q1="0.000000000000" Q2="0.000000000000" Q3="1.000000000000"/>
                </Property>
                <Property name="Radius" type="App::PropertyQuantityConstraint">
                    <Float value="8.000000000000"/>
                </Property>
                <Property name="Shape" type="Part::PropertyPartShape">
                    <Part file="PartShape7.brp"/>
                </Property>
            </Properties>
        </Object>
        <Object name="Fillet002">
            <Properties Count="6">
                <Property name="Base" type="App::PropertyLinkSub">
                    <LinkSub value="Fillet001" count="1">
                        <Sub value="Edge14"/>
                    </LinkSub>
                </Property>
                <Property name="ExpressionEngine" type="App::PropertyExpressionEngine">
                    <ExpressionEngine count="0">
                    </ExpressionEngine>
                </Property>
                <Property name="Label" type="App::PropertyString">
                    <String value="Fillet002"/>
                </Property>
                <Property name="Placement" type="App::PropertyPlacement">
                    <PropertyPlacement Px="0.000000000000" Py="0.000000000000" Pz="0.000000000000" Q0="0.000000000000" Q1="0.000000000000" Q2="0.000000000000" Q3="1.000000000000"/>
                </Property>
                <Property name="Radius" type="App::PropertyQuantityConstraint">
                    <Float value="8.000000000000"/>
                </Property>
                <Property name="Shape" type="Part::PropertyPartShape">
                    <Part file="PartShape8.brp"/>
                </Property>
            </Properties>
        </Object>
        <Object name="Fillet003">
            <Properties Count="6">
                <Property name="Base" type="App::PropertyLinkSub">
                    <LinkSub value="Fillet002" count="1">
                        <Sub value="Edge15"/>
                    </LinkSub>
                </Property>
                <Property name="ExpressionEngine" type="App::PropertyExpressionEngine">
                    <ExpressionEngine count="0">
                    </ExpressionEngine>
                </Property>
                <Property name="Label" type="App::PropertyString">
                    <String value="Fillet003"/>
                </Property>
                <Property name="Placement" type="App::PropertyPlacement">
                    <PropertyPlacement Px="0.000000000000" Py="0.000000000000" Pz="0.000000000000" Q0="0.000000000000" Q1="0.000000000000" Q2="0.000000000000" Q3="1.000000000000"/>
                </Property>
                <Property name="Radius" type="App::PropertyQuantityConstraint">
                    <Float value="8.000000000000"/>
                </Property>
                <Property name="Shape" type="Part::PropertyPartShape">
                    <Part file="PartShape9.brp"/>
                </Property>
            </Properties>
        </Object>
        <Object name="Sketch002">
            <Properties Count="8">
                <Property name="Constraints" type="Sketcher::PropertyConstraintList">
                    <ConstraintList count="12">
                        <Constrain Name="" Type="1" Value="0.000000000000" First="0" FirstPos="2" Second="1" SecondPos="1" Third="-2000" ThirdPos="0" LabelDistance="10.000000000000" LabelPosition="0.000000000000" IsDriving="1" />
                        <Constrain Name="" Type="1" Value="0.000000000000" First="1" FirstPos="2" Second="2" SecondPos="1" Third="-2000" ThirdPos="0" LabelDistance="10.000000000000" LabelPosition="0.000000000000" IsDriving="1" />
                        <Constrain Name="" Type="1" Value="0.000000000000" First="2" FirstPos="2" Second="3" SecondPos="1" Third="-2000" ThirdPos="0" LabelDistance="10.000000000000" LabelPosition="0.000000000000" IsDriving="1" />
                        <Constrain Name="" Type="1" Value="0.000000000000" First="3" FirstPos="2" Second="0" SecondPos="1" Third="-2000" ThirdPos="0" LabelDistance="10.000000000000" LabelPosition="0.000000000000" IsDriving="1" />
                        <Constrain Name="" Type="2" Value="0.000000000000" First="0" FirstPos="0" Second="-2000" SecondPos="0" Third="-2000" ThirdPos="0" LabelDistance="10.000000000000" LabelPosition="0.000000000000" IsDriving="1" />
                        <Constrain Name="" Type="2" Value="0.000000000000" First="2" FirstPos="0" Second="-2000" SecondPos="0" Third="-2000" ThirdPos="0" LabelDistance="10.000000000000" LabelPosition="0.000000000000" IsDriving="1" />
                        <Constrain Name="" Type="3" Value="0.000000000000" First="1" FirstPos="0" Second="-2000" SecondPos="0" Third="-2000" ThirdPos="0" LabelDistance="10.000000000000" LabelPosition="0.000000000000" IsDriving="1" />
                        <Constrain Name="" Type="3" Value="0.000000000000" First="3" FirstPos="0" Second="-2000" SecondPos="0" Third="-2000" ThirdPos="0" LabelDistance="10.000000000000" LabelPosition="0.000000000000" IsDriving="1" />
                        <Constrain Name="" Type="7" Value="2.500000000000" First="0" FirstPos="1" Second="-1" SecondPos="1" Third="-2000" ThirdPos="0" LabelDistance="1.207874417305" LabelPosition="0.000000000000" IsDriving="1" />
                        <Constrain Name="" Type="7" Value="2.500000000000" First="-1" FirstPos="1" Second="0" SecondPos="2" Third="-2000" ThirdPos="0" LabelDistance="1.207874417305" LabelPosition="0.000000000000" IsDriving="1" />
                        <Constrain Name="" Type="13" Value="0.000000000000" First="0" FirstPos="1" Second="-3" SecondPos="0" Third="-2000" ThirdPos="0" LabelDistance="10.000000000000" LabelPosition="0.000000000000" IsDriving="1" />
                        <Constrain Name="" Type="13" Value="0.000000000000" First="1" FirstPos="2" Second="-4" SecondPos="0" Third="-2000" ThirdPos="0" LabelDistance="10.000000000000" LabelPosition="0.000000000000" IsDriving="1" />
                    </ConstraintList>
                </Property>
                <Property name="ExpressionEngine" type="App::PropertyExpressionEngine">
                    <ExpressionEngine count="0">
                    </ExpressionEngine>
                </Property>
                <Property name="ExternalGeometry" type="App::PropertyLinkSubList">
                    <LinkSubList count="2">
                        <Link obj="Fillet003" sub="Edge26"/>
                        <Link obj="Fillet003" sub="Edge33"/>
                    </LinkSubList>
                </Property>
                <Property name="Geometry" type="Part::PropertyGeometryList">
                    <GeometryList count="4">
                        <Geometry  type="Part::GeomLineSegment">
                            <Construction value="0"/>
                            <LineSegment StartX="-2.500000000000" StartY="30.000000000000" StartZ="0.000000000000" EndX="2.500000000000" EndY="30.000000000000" EndZ="0.000000000000"/>
                        </Geometry>
                        <Geometry  type="Part::GeomLineSegment">
                            <Construction value="0"/>
                            <LineSegment StartX="2.500000000000" StartY="30.000000000000" StartZ="0.000000000000" EndX="2.500000000000" EndY="15.000000000000" EndZ="0.000000000000"/>
                        </Geometry>
                        <Geometry  type="Part::GeomLineSegment">
                            <Construction value="0"/>
                            <LineSegment StartX="2.500000000000" StartY="15.000000000000" StartZ="0.000000000000" EndX="-2.500000000000" EndY="15.000000000000" EndZ="0.000000000000"/>
                        </Geometry>
                        <Geometry  type="Part::GeomLineSegment">
                            <Construction value="0"/>
                            <LineSegment StartX="-2.500000000000" StartY="15.000000000000" StartZ="0.000000000000" EndX="-2.500000000000" EndY="30.000000000000" EndZ="0.000000000000"/>
                        </Geometry>
                    </GeometryList>
                </Property>
                <Property name="Label" type="App::PropertyString">
                    <String value="Sketch002"/>
                </Property>
                <Property name="Placement" type="App::PropertyPlacement">
                    <PropertyPlacement Px="-21.500000000000" Py="-0.000000000000" Pz="-0.000000000000" Q0="0.500000000000" Q1="0.500000000000" Q2="0.500000000000" Q3="0.500000000000"/>
                </Property>
                <Property name="Shape" type="Part::PropertyPartShape">
                    <Part file="PartShape10.brp"/>
                </Property>
                <Property name="Support" type="App::PropertyLinkSub">
                    <LinkSub value="Fillet003" count="1">
                        <Sub value="Face12"/>
                    </LinkSub>
                </Property>
            </Properties>
        </Object>
        <Object name="Pocket001">
            <Properties Count="11">
                <Property name="ExpressionEngine" type="App::PropertyExpressionEngine">
                    <ExpressionEngine count="0">
                    </ExpressionEngine>
                </Property>
                <Property name="Label" type="App::PropertyString">
                    <String value="Pocket001"/>
                </Property>
                <Property name="Length" type="App::PropertyLength">
                    <Float value="5.000000000000"/>
                </Property>
                <Property name="Midplane" type="App::PropertyBool">
                    <Bool value="false"/>
                </Property>
                <Property name="Placement" type="App::PropertyPlacement">
                    <PropertyPlacement Px="0.000000000000" Py="0.000000000000" Pz="0.000000000000" Q0="0.000000000000" Q1="0.000000000000" Q2="0.000000000000" Q3="1.000000000000"/>
                </Property>
                <Property name="Reversed" type="App::PropertyBool">
                    <Bool value="false"/>
                </Property>
                <Property name="Shape" type="Part::PropertyPartShape">
                    <Part file="PartShape11.brp"/>
                </Property>
                <Property name="Sketch" type="App::PropertyLink">
                    <Link value="Sketch002"/>
                </Property>
                <Property name="SubShape" type="Part::PropertyPartShape">
                    <Part file="PartShape12.brp"/>
                </Property>
                <Property name="Type" type="App::PropertyEnumeration">
                    <Integer value="0"/>
                </Property>
                <Property name="UpToFace" type="App::PropertyLinkSub">
                    <LinkSub value="" count="0">
                    </LinkSub>
                </Property>
            </Properties>
        </Object>
        <Object name="Sketch003">
            <Properties Count="8">
                <Property name="Constraints" type="Sketcher::PropertyConstraintList">
                    <ConstraintList count="12">
                        <Constrain Name="" Type="1" Value="0.000000000000" First="0" FirstPos="2" Second="1" SecondPos="1" Third="-2000" ThirdPos="0" LabelDistance="10.000000000000" LabelPosition="0.000000000000" IsDriving="1" />
                        <Constrain Name="" Type="1" Value="0.000000000000" First="1" FirstPos="2" Second="2" SecondPos="1" Third="-2000" ThirdPos="0" LabelDistance="10.000000000000" LabelPosition="0.000000000000" IsDriving="1" />
                        <Constrain Name="" Type="1" Value="0.000000000000" First="2" FirstPos="2" Second="3" SecondPos="1" Third="-2000" ThirdPos="0" LabelDistance="10.000000000000" LabelPosition="0.000000000000" IsDriving="1" />
                        <Constrain Name="" Type="1" Value="0.000000000000" First="3" FirstPos="2" Second="0" SecondPos="1" Third="-2000" ThirdPos="0" LabelDistance="10.000000000000" LabelPosition="0.000000000000" IsDriving="1" />
                        <Constrain Name="" Type="2" Value="0.000000000000" First="0" FirstPos="0" Second="-2000" SecondPos="0" Third="-2000" ThirdPos="0" LabelDistance="10.000000000000" LabelPosition="0.000000000000" IsDriving="1" />
                        <Constrain Name="" Type="2" Value="0.000000000000" First="2" FirstPos="0" Second="-2000" SecondPos="0" Third="-2000" ThirdPos="0" LabelDistance="10.000000000000" LabelPosition="0.000000000000" IsDriving="1" />
                        <Constrain Name="" Type="3" Value="0.000000000000" First="1" FirstPos="0" Second="-2000" SecondPos="0" Third="-2000" ThirdPos="0" LabelDistance="10.000000000000" LabelPosition="0.000000000000" IsDriving="1" />
                        <Constrain Name="" Type="3" Value="0.000000000000" First="3" FirstPos="0" Second="-2000" SecondPos="0" Third="-2000" ThirdPos="0" LabelDistance="10.000000000000" LabelPosition="0.000000000000" IsDriving="1" />
                        <Constrain Name="" Type="8" Value="2.500000000000" First="1" FirstPos="2" Second="-1" SecondPos="1" Third="-2000" ThirdPos="0" LabelDistance="4.236449718475" LabelPosition="-11.049031257629" IsDriving="1" />
                        <Constrain Name="" Type="8" Value="2.500000000000" First="-1" FirstPos="1" Second="0" SecondPos="2" Third="-2000" ThirdPos="0" LabelDistance="-46.162960052490" LabelPosition="10.572152137756" IsDriving="1" />
                        <Constrain Name="" Type="13" Value="0.000000000000" First="1" FirstPos="2" Second="-3" SecondPos="0" Third="-2000" ThirdPos="0" LabelDistance="10.000000000000" LabelPosition="0.000000000000" IsDriving="1" />
                        <Constrain Name="" Type="13" Value="0.000000000000" First="2" FirstPos="2" Second="-4" SecondPos="0" Third="-2000" ThirdPos="0" LabelDistance="10.000000000000" LabelPosition="0.000000000000" IsDriving="1" />
                    </ConstraintList>
                </Property>
                <Property name="ExpressionEngine" type="App::PropertyExpressionEngine">
                    <ExpressionEngine count="0">
                    </ExpressionEngine>
                </Property>
                <Property name="ExternalGeometry" type="App::PropertyLinkSubList">
                    <LinkSubList count="2">
                        <Link obj="Pocket001" sub="Edge27"/>
                        <Link obj="Pocket001" sub="Edge19"/>
                    </LinkSubList>
                </Property>
                <Property name="Geometry" type="Part::PropertyGeometryList">
                    <GeometryList count="4">
                        <Geometry  type="Part::GeomLineSegment">
                            <Construction value="0"/>
                            <LineSegment StartX="-58.500000000000" StartY="2.500000000000" StartZ="0.000000000000" EndX="-26.500000000000" EndY="2.500000000000" EndZ="0.000000000000"/>
                        </Geometry>
                        <Geometry  type="Part::GeomLineSegment">
                            <Construction value="0"/>
                            <LineSegment StartX="-26.500000000000" StartY="2.500000000000" StartZ="0.000000000000" EndX="-26.500000000000" EndY="-2.500000000000" EndZ="0.000000000000"/>
                        </Geometry>
                        <Geometry  type="Part::GeomLineSegment">
                            <Construction value="0"/>
                            <LineSegment StartX="-26.500000000000" StartY="-2.500000000000" StartZ="0.000000000000" EndX="-58.500000000000" EndY="-2.500000000000" EndZ="0.000000000000"/>
                        </Geometry>
                        <Geometry  type="Part::GeomLineSegment">
                            <Construction value="0"/>
                            <LineSegment StartX="-58.500000000000" StartY="-2.500000000000" StartZ="0.000000000000" EndX="-58.500000000000" EndY="2.500000000000" EndZ="0.000000000000"/>
                        </Geometry>
                    </GeometryList>
                </Property>
                <Property name="Label" type="App::PropertyString">
                    <String value="Sketch003"/>
                </Property>
                <Property name="Placement" type="App::PropertyPlacement">
                    <PropertyPlacement Px="-0.000000000000" Py="0.000000000000" Pz="30.000000000000" Q0="0.000000000000" Q1="0.000000000000" Q2="0.000000000000" Q3="1.000000000000"/>
                </Property>
                <Property name="Shape" type="Part::PropertyPartShape">
                    <Part file="PartShape13.brp"/>
                </Property>
                <Property name="Support" type="App::PropertyLinkSub">
                    <LinkSub value="Pocket001" count="1">
                        <Sub value="Face10"/>
                    </LinkSub>
                </Property>
            </Properties>
        </Object>
        <Object name="Pocket002">
            <Properties Count="11">
                <Property name="ExpressionEngine" type="App::PropertyExpressionEngine">
                    <ExpressionEngine count="0">
                    </ExpressionEngine>
                </Property>
                <Property name="Label" type="App::PropertyString">
                    <String value="Pocket002"/>
                </Property>
                <Property name="Length" type="App::PropertyLength">
                    <Float value="5.000000000000"/>
                </Property>
                <Property name="Midplane" type="App::PropertyBool">
                    <Bool value="false"/>
                </Property>
                <Property name="Placement" type="App::PropertyPlacement">
                    <PropertyPlacement Px="0.000000000000" Py="0.000000000000" Pz="0.000000000000" Q0="0.000000000000" Q1="0.000000000000" Q2="0.000000000000" Q3="1.000000000000"/>
                </Property>
                <Property name="Reversed" type="App::PropertyBool">
                    <Bool value="false"/>
                </Property>
                <Property name="Shape" type="Part::PropertyPartShape">
                    <Part file="PartShape14.brp"/>
                </Property>
                <Property name="Sketch" type="App::PropertyLink">
                    <Link value="Sketch003"/>
                </Property>
                <Property name="SubShape" type="Part::PropertyPartShape">
                    <Part file="PartShape15.brp"/>
                </Property>
                <Property name="Type" type="App::PropertyEnumeration">
                    <Integer value="0"/>
                </Property>
                <Property name="UpToFace" type="App::PropertyLinkSub">
                    <LinkSub value="" count="0">
                    </LinkSub>
                </Property>
            </Properties>
        </Object>
        <Object name="Chamfer">
            <Properties Count="6">
                <Property name="Base" type="App::PropertyLinkSub">
                    <LinkSub value="Pocket002" count="1">
                        <Sub value="Edge32"/>
                    </LinkSub>
                </Property>
                <Property name="ExpressionEngine" type="App::PropertyExpressionEngine">
                    <ExpressionEngine count="0">
                    </ExpressionEngine>
                </Property>
                <Property name="Label" type="App::PropertyString">
                    <String value="Chamfer"/>
                </Property>
                <Property name="Placement" type="App::PropertyPlacement">
                    <PropertyPlacement Px="0.000000000000" Py="0.000000000000" Pz="0.000000000000" Q0="0.000000000000" Q1="0.000000000000" Q2="0.000000000000" Q3="1.000000000000"/>
                </Property>
                <Property name="Shape" type="Part::PropertyPartShape">
                    <Part file="PartShape16.brp"/>
                </Property>
                <Property name="Size" type="App::PropertyQuantityConstraint">
                    <Float value="3.000000000000"/>
                </Property>
            </Properties>
        </Object>
        <Object name="Chamfer001">
            <Properties Count="6">
                <Property name="Base" type="App::PropertyLinkSub">
                    <LinkSub value="Chamfer" count="1">
                        <Sub value="Edge7"/>
                    </LinkSub>
                </Property>
                <Property name="ExpressionEngine" type="App::PropertyExpressionEngine">
                    <ExpressionEngine count="0">
                    </ExpressionEngine>
                </Property>
                <Property name="Label" type="App::PropertyString">
                    <String value="Chamfer001"/>
                </Property>
                <Property name="Placement" type="App::PropertyPlacement">
                    <PropertyPlacement Px="0.000000000000" Py="0.000000000000" Pz="0.000000000000" Q0="0.000000000000" Q1="0.000000000000" Q2="0.000000000000" Q3="1.000000000000"/>
                </Property>
                <Property name="Shape" type="Part::PropertyPartShape">
                    <Part file="PartShape17.brp"/>
                </Property>
                <Property name="Size" type="App::PropertyQuantityConstraint">
                    <Float value="3.000000000000"/>
                </Property>
            </Properties>
        </Object>
        <Object name="Chamfer002">
            <Properties Count="6">
                <Property name="Base" type="App::PropertyLinkSub">
                    <LinkSub value="Chamfer001" count="1">
                        <Sub value="Edge9"/>
                    </LinkSub>
                </Property>
                <Property name="ExpressionEngine" type="App::PropertyExpressionEngine">
                    <ExpressionEngine count="0">
                    </ExpressionEngine>
                </Property>
                <Property name="Label" type="App::PropertyString">
                    <String value="Chamfer002"/>
                </Property>
                <Property name="Placement" type="App::PropertyPlacement">
                    <PropertyPlacement Px="0.000000000000" Py="0.000000000000" Pz="0.000000000000" Q0="0.000000000000" Q1="0.000000000000" Q2="0.000000000000" Q3="1.000000000000"/>
                </Property>
                <Property name="Shape" type="Part::PropertyPartShape">
                    <Part file="PartShape18.brp"/>
                </Property>
                <Property name="Size" type="App::PropertyQuantityConstraint">
                    <Float value="3.000000000000"/>
                </Property>
            </Properties>
        </Object>
        <Object name="Chamfer003">
            <Properties Count="6">
                <Property name="Base" type="App::PropertyLinkSub">
                    <LinkSub value="Chamfer002" count="1">
                        <Sub value="Edge20"/>
                    </LinkSub>
                </Property>
                <Property name="ExpressionEngine" type="App::PropertyExpressionEngine">
                    <ExpressionEngine count="0">
                    </ExpressionEngine>
                </Property>
                <Property name="Label" type="App::PropertyString">
                    <String value="Chamfer003"/>
                </Property>
                <Property name="Placement" type="App::PropertyPlacement">
                    <PropertyPlacement Px="0.000000000000" Py="0.000000000000" Pz="0.000000000000" Q0="0.000000000000" Q1="0.000000000000" Q2="0.000000000000" Q3="1.000000000000"/>
                </Property>
                <Property name="Shape" type="Part::PropertyPartShape">
                    <Part file="PartShape19.brp"/>
                </Property>
                <Property name="Size" type="App::PropertyQuantityConstraint">
                    <Float value="3.000000000000"/>
                </Property>
            </Properties>
        </Object>
        <Object name="Chamfer004">
            <Properties Count="6">
                <Property name="Base" type="App::PropertyLinkSub">
                    <LinkSub value="Chamfer003" count="1">
                        <Sub value="Edge6"/>
                    </LinkSub>
                </Property>
                <Property name="ExpressionEngine" type="App::PropertyExpressionEngine">
                    <ExpressionEngine count="0">
                    </ExpressionEngine>
                </Property>
                <Property name="Label" type="App::PropertyString">
                    <String value="Chamfer004"/>
                </Property>
                <Property name="Placement" type="App::PropertyPlacement">
                    <PropertyPlacement Px="0.000000000000" Py="0.000000000000" Pz="0.000000000000" Q0="0.000000000000" Q1="0.000000000000" Q2="0.000000000000" Q3="1.000000000000"/>
                </Property>
                <Property name="Shape" type="Part::PropertyPartShape">
                    <Part file="PartShape20.brp"/>
                </Property>
                <Property name="Size" type="App::PropertyQuantityConstraint">
                    <Float value="3.000000000000"/>
                </Property>
            </Properties>
        </Object>
        <Object name="Chamfer005">
            <Properties Count="6">
                <Property name="Base" type="App::PropertyLinkSub">
                    <LinkSub value="Chamfer004" count="1">
                        <Sub value="Edge74"/>
                    </LinkSub>
                </Property>
                <Property name="ExpressionEngine" type="App::PropertyExpressionEngine">
                    <ExpressionEngine count="0">
                    </ExpressionEngine>
                </Property>
                <Property name="Label" type="App::PropertyString">
                    <String value="Chamfer005"/>
                </Property>
                <Property name="Placement" type="App::PropertyPlacement">
                    <PropertyPlacement Px="0.000000000000" Py="0.000000000000" Pz="0.000000000000" Q0="0.000000000000" Q1="0.000000000000" Q2="0.000000000000" Q3="1.000000000000"/>
                </Property>
                <Property name="Shape" type="Part::PropertyPartShape">
                    <Part file="PartShape21.brp"/>
                </Property>
                <Property name="Size" type="App::PropertyQuantityConstraint">
                    <Float value="3.000000000000"/>
                </Property>
            </Properties>
        </Object>
        <Object name="Sketch004">
            <Properties Count="8">
                <Property name="Constraints" type="Sketcher::PropertyConstraintList">
                    <ConstraintList count="19">
                        <Constrain Name="" Type="1" Value="0.000000000000" First="0" FirstPos="2" Second="1" SecondPos="1" Third="-2000" ThirdPos="0" LabelDistance="10.000000000000" LabelPosition="0.000000000000" IsDriving="1" />
                        <Constrain Name="" Type="1" Value="0.000000000000" First="1" FirstPos="2" Second="2" SecondPos="1" Third="-2000" ThirdPos="0" LabelDistance="10.000000000000" LabelPosition="0.000000000000" IsDriving="1" />
                        <Constrain Name="" Type="1" Value="0.000000000000" First="2" FirstPos="2" Second="3" SecondPos="1" Third="-2000" ThirdPos="0" LabelDistance="10.000000000000" LabelPosition="0.000000000000" IsDriving="1" />
                        <Constrain Name="" Type="1" Value="0.000000000000" First="3" FirstPos="2" Second="0" SecondPos="1" Third="-2000" ThirdPos="0" LabelDistance="10.000000000000" LabelPosition="0.000000000000" IsDriving="1" />
                        <Constrain Name="" Type="2" Value="0.000000000000" First="0" FirstPos="0" Second="-2000" SecondPos="0" Third="-2000" ThirdPos="0" LabelDistance="10.000000000000" LabelPosition="0.000000000000" IsDriving="1" />
                        <Constrain Name="" Type="2" Value="0.000000000000" First="2" FirstPos="0" Second="-2000" SecondPos="0" Third="-2000" ThirdPos="0" LabelDistance="10.000000000000" LabelPosition="0.000000000000" IsDriving="1" />
                        <Constrain Name="" Type="3" Value="0.000000000000" First="1" FirstPos="0" Second="-2000" SecondPos="0" Third="-2000" ThirdPos="0" LabelDistance="10.000000000000" LabelPosition="0.000000000000" IsDriving="1" />
                        <Constrain Name="" Type="3" Value="0.000000000000" First="3" FirstPos="0" Second="-2000" SecondPos="0" Third="-2000" ThirdPos="0" LabelDistance="10.000000000000" LabelPosition="0.000000000000" IsDriving="1" />
                        <Constrain Name="" Type="14" Value="0.000000000000" First="1" FirstPos="2" Second="0" SecondPos="1" Third="-1" ThirdPos="1" LabelDistance="10.000000000000" LabelPosition="0.000000000000" IsDriving="1" />
                        <Constrain Name="" Type="7" Value="93.000000000000" First="0" FirstPos="1" Second="0" SecondPos="2" Third="-2000" ThirdPos="0" LabelDistance="17.424285888672" LabelPosition="0.246714964509" IsDriving="1" />
                        <Constrain Name="" Type="8" Value="33.000000000000" First="1" FirstPos="2" Second="1" SecondPos="1" Third="-2000" ThirdPos="0" LabelDistance="-19.456176757813" LabelPosition="3.855191230774" IsDriving="1" />
                        <Constrain Name="" Type="1" Value="0.000000000000" First="4" FirstPos="3" Second="0" SecondPos="1" Third="-2000" ThirdPos="0" LabelDistance="10.000000000000" LabelPosition="0.000000000000" IsDriving="1" />
                        <Constrain Name="" Type="1" Value="0.000000000000" First="5" FirstPos="3" Second="0" SecondPos="2" Third="-2000" ThirdPos="0" LabelDistance="10.000000000000" LabelPosition="0.000000000000" IsDriving="1" />
                        <Constrain Name="" Type="1" Value="0.000000000000" First="6" FirstPos="3" Second="1" SecondPos="2" Third="-2000" ThirdPos="0" LabelDistance="10.000000000000" LabelPosition="0.000000000000" IsDriving="1" />
                        <Constrain Name="" Type="1" Value="0.000000000000" First="7" FirstPos="3" Second="2" SecondPos="2" Third="-2000" ThirdPos="0" LabelDistance="10.000000000000" LabelPosition="0.000000000000" IsDriving="1" />
                        <Constrain Name="" Type="12" Value="0.000000000000" First="7" FirstPos="0" Second="4" SecondPos="0" Third="-2000" ThirdPos="0" LabelDistance="10.000000000000" LabelPosition="0.000000000000" IsDriving="1" />
                        <Constrain Name="" Type="12" Value="0.000000000000" First="4" FirstPos="0" Second="5" SecondPos="0" Third="-2000" ThirdPos="0" LabelDistance="10.000000000000" LabelPosition="0.000000000000" IsDriving="1" />
                        <Constrain Name="" Type="12" Value="0.000000000000" First="5" FirstPos="0" Second="6" SecondPos="0" Third="-2000" ThirdPos="0" LabelDistance="10.000000000000" LabelPosition="0.000000000000" IsDriving="1" />
                        <Constrain Name="" Type="11" Value="2.250000000000" First="4" FirstPos="0" Second="-2000" SecondPos="0" Third="-2000" ThirdPos="0" LabelDistance="5.251036167145" LabelPosition="10.000000000000" IsDriving="1" />
                    </ConstraintList>
                </Property>
                <Property name="ExpressionEngine" type="App::PropertyExpressionEngine">
                    <ExpressionEngine count="0">
                    </ExpressionEngine>
                </Property>
                <Property name="ExternalGeometry" type="App::PropertyLinkSubList">
                    <LinkSubList count="0">
                    </LinkSubList>
                </Property>
                <Property name="Geometry" type="Part::PropertyGeometryList">
                    <GeometryList count="8">
                        <Geometry  type="Part::GeomLineSegment">
                            <Construction value="1"/>
                            <LineSegment StartX="-46.500000000000" StartY="16.500000000000" StartZ="0.000000000000" EndX="46.500000000000" EndY="16.500000000000" EndZ="0.000000000000"/>
                        </Geometry>
                        <Geometry  type="Part::GeomLineSegment">
                            <Construction value="1"/>
                            <LineSegment StartX="46.500000000000" StartY="16.500000000000" StartZ="0.000000000000" EndX="46.500000000000" EndY="-16.500000000000" EndZ="0.000000000000"/>
                        </Geometry>
                        <Geometry  type="Part::GeomLineSegment">
                            <Construction value="1"/>
                            <LineSegment StartX="46.500000000000" StartY="-16.500000000000" StartZ="0.000000000000" EndX="-46.500000000000" EndY="-16.500000000000" EndZ="0.000000000000"/>
                        </Geometry>
                        <Geometry  type="Part::GeomLineSegment">
                            <Construction value="1"/>
                            <LineSegment StartX="-46.500000000000" StartY="-16.500000000000" StartZ="0.000000000000" EndX="-46.500000000000" EndY="16.500000000000" EndZ="0.000000000000"/>
                        </Geometry>
                        <Geometry  type="Part::GeomCircle">
                            <Construction value="0"/>
                            <Circle CenterX="-46.500000000000" CenterY="16.500000000000" CenterZ="0.000000000000" NormalX="0.000000000000" NormalY="0.000000000000" NormalZ="1.000000000000" Radius="2.250000000000"/>
                        </Geometry>
                        <Geometry  type="Part::GeomCircle">
                            <Construction value="0"/>
                            <Circle CenterX="46.500000000000" CenterY="16.500000000000" CenterZ="0.000000000000" NormalX="0.000000000000" NormalY="0.000000000000" NormalZ="1.000000000000" Radius="2.250000000000"/>
                        </Geometry>
                        <Geometry  type="Part::GeomCircle">
                            <Construction value="0"/>
                            <Circle CenterX="46.500000000000" CenterY="-16.500000000000" CenterZ="0.000000000000" NormalX="0.000000000000" NormalY="0.000000000000" NormalZ="1.000000000000" Radius="2.250000000000"/>
                        </Geometry>
                        <Geometry  type="Part::GeomCircle">
                            <Construction value="0"/>
                            <Circle CenterX="-46.500000000000" CenterY="-16.500000000000" CenterZ="0.000000000000" NormalX="0.000000000000" NormalY="0.000000000000" NormalZ="1.000000000000" Radius="2.250000000000"/>
                        </Geometry>
                    </GeometryList>
                </Property>
                <Property name="Label" type="App::PropertyString">
                    <String value="Sketch004"/>
                </Property>
                <Property name="Placement" type="App::PropertyPlacement">
                    <PropertyPlacement Px="-0.000000000000" Py="0.000000000000" Pz="30.000000000000" Q0="0.000000000000" Q1="0.000000000000" Q2="0.000000000000" Q3="1.000000000000"/>
                </Property>
                <Property name="Shape" type="Part::PropertyPartShape">
                    <Part file="PartShape22.brp"/>
                </Property>
                <Property name="Support" type="App::PropertyLinkSub">
                    <LinkSub value="Chamfer005" count="1">
                        <Sub value="Face9"/>
                    </LinkSub>
                </Property>
            </Properties>
        </Object>
        <Object name="Pocket003">
            <Properties Count="11">
                <Property name="ExpressionEngine" type="App::PropertyExpressionEngine">
                    <ExpressionEngine count="0">
                    </ExpressionEngine>
                </Property>
                <Property name="Label" type="App::PropertyString">
                    <String value="Pocket003"/>
                </Property>
                <Property name="Length" type="App::PropertyLength">
                    <Float value="5.000000000000"/>
                </Property>
                <Property name="Midplane" type="App::PropertyBool">
                    <Bool value="false"/>
                </Property>
                <Property name="Placement" type="App::PropertyPlacement">
                    <PropertyPlacement Px="0.000000000000" Py="0.000000000000" Pz="0.000000000000" Q0="0.000000000000" Q1="0.000000000000" Q2="0.000000000000" Q3="1.000000000000"/>
                </Property>
                <Property name="Reversed" type="App::PropertyBool">
                    <Bool value="false"/>
                </Property>
                <Property name="Shape" type="Part::PropertyPartShape">
                    <Part file="PartShape23.brp"/>
                </Property>
                <Property name="Sketch" type="App::PropertyLink">
                    <Link value="Sketch004"/>
                </Property>
                <Property name="SubShape" type="Part::PropertyPartShape">
                    <Part file="PartShape24.brp"/>
                </Property>
                <Property name="Type" type="App::PropertyEnumeration">
                    <Integer value="1"/>
                </Property>
                <Property name="UpToFace" type="App::PropertyLinkSub">
                    <LinkSub value="" count="0">
                    </LinkSub>
                </Property>
            </Properties>
        </Object>
        <Object name="Sketch005">
            <Properties Count="8">
                <Property name="Constraints" type="Sketcher::PropertyConstraintList">
                    <ConstraintList count="19">
                        <Constrain Name="" Type="1" Value="0.000000000000" First="0" FirstPos="2" Second="1" SecondPos="1" Third="-2000" ThirdPos="0" LabelDistance="10.000000000000" LabelPosition="0.000000000000" IsDriving="1" />
                        <Constrain Name="" Type="1" Value="0.000000000000" First="1" FirstPos="2" Second="2" SecondPos="1" Third="-2000" ThirdPos="0" LabelDistance="10.000000000000" LabelPosition="0.000000000000" IsDriving="1" />
                        <Constrain Name="" Type="1" Value="0.000000000000" First="2" FirstPos="2" Second="3" SecondPos="1" Third="-2000" ThirdPos="0" LabelDistance="10.000000000000" LabelPosition="0.000000000000" IsDriving="1" />
                        <Constrain Name="" Type="1" Value="0.000000000000" First="3" FirstPos="2" Second="0" SecondPos="1" Third="-2000" ThirdPos="0" LabelDistance="10.000000000000" LabelPosition="0.000000000000" IsDriving="1" />
                        <Constrain Name="" Type="2" Value="0.000000000000" First="0" FirstPos="0" Second="-2000" SecondPos="0" Third="-2000" ThirdPos="0" LabelDistance="10.000000000000" LabelPosition="0.000000000000" IsDriving="1" />
                        <Constrain Name="" Type="2" Value="0.000000000000" First="2" FirstPos="0" Second="-2000" SecondPos="0" Third="-2000" ThirdPos="0" LabelDistance="10.000000000000" LabelPosition="0.000000000000" IsDriving="1" />
                        <Constrain Name="" Type="3" Value="0.000000000000" First="1" FirstPos="0" Second="-2000" SecondPos="0" Third="-2000" ThirdPos="0" LabelDistance="10.000000000000" LabelPosition="0.000000000000" IsDriving="1" />
                        <Constrain Name="" Type="3" Value="0.000000000000" First="3" FirstPos="0" Second="-2000" SecondPos="0" Third="-2000" ThirdPos="0" LabelDistance="10.000000000000" LabelPosition="0.000000000000" IsDriving="1" />
                        <Constrain Name="" Type="14" Value="0.000000000000" First="1" FirstPos="2" Second="0" SecondPos="1" Third="-1" ThirdPos="1" LabelDistance="10.000000000000" LabelPosition="0.000000000000" IsDriving="1" />
                        <Constrain Name="" Type="7" Value="72.000000000000" First="0" FirstPos="1" Second="0" SecondPos="2" Third="-2000" ThirdPos="0" LabelDistance="5.251041889191" LabelPosition="0.000000000000" IsDriving="1" />
                        <Constrain Name="" Type="8" Value="23.000000000000" First="1" FirstPos="2" Second="1" SecondPos="1" Third="-2000" ThirdPos="0" LabelDistance="5.251041889191" LabelPosition="0.000000000000" IsDriving="1" />
                        <Constrain Name="" Type="1" Value="0.000000000000" First="4" FirstPos="3" Second="0" SecondPos="1" Third="-2000" ThirdPos="0" LabelDistance="10.000000000000" LabelPosition="0.000000000000" IsDriving="1" />
                        <Constrain Name="" Type="1" Value="0.000000000000" First="5" FirstPos="3" Second="0" SecondPos="2" Third="-2000" ThirdPos="0" LabelDistance="10.000000000000" LabelPosition="0.000000000000" IsDriving="1" />
                        <Constrain Name="" Type="1" Value="0.000000000000" First="6" FirstPos="3" Second="1" SecondPos="2" Third="-2000" ThirdPos="0" LabelDistance="10.000000000000" LabelPosition="0.000000000000" IsDriving="1" />
                        <Constrain Name="" Type="1" Value="0.000000000000" First="7" FirstPos="3" Second="2" SecondPos="2" Third="-2000" ThirdPos="0" LabelDistance="10.000000000000" LabelPosition="0.000000000000" IsDriving="1" />
                        <Constrain Name="" Type="12" Value="0.000000000000" First="7" FirstPos="0" Second="4" SecondPos="0" Third="-2000" ThirdPos="0" LabelDistance="10.000000000000" LabelPosition="0.000000000000" IsDriving="1" />
                        <Constrain Name="" Type="12" Value="0.000000000000" First="4" FirstPos="0" Second="5" SecondPos="0" Third="-2000" ThirdPos="0" LabelDistance="10.000000000000" LabelPosition="0.000000000000" IsDriving="1" />
                        <Constrain Name="" Type="12" Value="0.000000000000" First="5" FirstPos="0" Second="6" SecondPos="0" Third="-2000" ThirdPos="0" LabelDistance="10.000000000000" LabelPosition="0.000000000000" IsDriving="1" />
                        <Constrain Name="" Type="11" Value="2.250000000000" First="4" FirstPos="0" Second="-2000" SecondPos="0" Third="-2000" ThirdPos="0" LabelDistance="3.519878625870" LabelPosition="10.000000000000" IsDriving="1" />
                    </ConstraintList>
                </Property>
                <Property name="ExpressionEngine" type="App::PropertyExpressionEngine">
                    <ExpressionEngine count="0">
                    </ExpressionEngine>
                </Property>
                <Property name="ExternalGeometry" type="App::PropertyLinkSubList">
                    <LinkSubList count="0">
                    </LinkSubList>
                </Property>
                <Property name="Geometry" type="Part::PropertyGeometryList">
                    <GeometryList count="8">
                        <Geometry  type="Part::GeomLineSegment">
                            <Construction value="1"/>
                            <LineSegment StartX="-36.000000000000" StartY="11.500000000000" StartZ="0.000000000000" EndX="36.000000000000" EndY="11.500000000000" EndZ="0.000000000000"/>
                        </Geometry>
                        <Geometry  type="Part::GeomLineSegment">
                            <Construction value="1"/>
                            <LineSegment StartX="36.000000000000" StartY="11.500000000000" StartZ="0.000000000000" EndX="36.000000000000" EndY="-11.500000000000" EndZ="0.000000000000"/>
                        </Geometry>
                        <Geometry  type="Part::GeomLineSegment">
                            <Construction value="1"/>
                            <LineSegment StartX="36.000000000000" StartY="-11.500000000000" StartZ="0.000000000000" EndX="-36.000000000000" EndY="-11.500000000000" EndZ="0.000000000000"/>
                        </Geometry>
                        <Geometry  type="Part::GeomLineSegment">
                            <Construction value="1"/>
                            <LineSegment StartX="-36.000000000000" StartY="-11.500000000000" StartZ="0.000000000000" EndX="-36.000000000000" EndY="11.500000000000" EndZ="0.000000000000"/>
                        </Geometry>
                        <Geometry  type="Part::GeomCircle">
                            <Construction value="0"/>
                            <Circle CenterX="-36.000000000000" CenterY="11.500000000000" CenterZ="0.000000000000" NormalX="0.000000000000" NormalY="0.000000000000" NormalZ="1.000000000000" Radius="2.250000000000"/>
                        </Geometry>
                        <Geometry  type="Part::GeomCircle">
                            <Construction value="0"/>
                            <Circle CenterX="36.000000000000" CenterY="11.500000000000" CenterZ="0.000000000000" NormalX="0.000000000000" NormalY="0.000000000000" NormalZ="1.000000000000" Radius="2.250000000000"/>
                        </Geometry>
                        <Geometry  type="Part::GeomCircle">
                            <Construction value="0"/>
                            <Circle CenterX="36.000000000000" CenterY="-11.500000000000" CenterZ="0.000000000000" NormalX="0.000000000000" NormalY="0.000000000000" NormalZ="1.000000000000" Radius="2.250000000000"/>
                        </Geometry>
                        <Geometry  type="Part::GeomCircle">
                            <Construction value="0"/>
                            <Circle CenterX="-36.000000000000" CenterY="-11.500000000000" CenterZ="0.000000000000" NormalX="0.000000000000" NormalY="0.000000000000" NormalZ="1.000000000000" Radius="2.250000000000"/>
                        </Geometry>
                    </GeometryList>
                </Property>
                <Property name="Label" type="App::PropertyString">
                    <String value="Sketch005"/>
                </Property>
                <Property name="Placement" type="App::PropertyPlacement">
                    <PropertyPlacement Px="-0.000000000000" Py="0.000000000000" Pz="30.000000000000" Q0="0.000000000000" Q1="0.000000000000" Q2="0.000000000000" Q3="1.000000000000"/>
                </Property>
                <Property name="Shape" type="Part::PropertyPartShape">
                    <Part file="PartShape25.brp"/>
                </Property>
                <Property name="Support" type="App::PropertyLinkSub">
                    <LinkSub value="Pocket003" count="1">
                        <Sub value="Face9"/>
                    </LinkSub>
                </Property>
            </Properties>
        </Object>
        <Object name="Pocket004">
            <Properties Count="11">
                <Property name="ExpressionEngine" type="App::PropertyExpressionEngine">
                    <ExpressionEngine count="0">
                    </ExpressionEngine>
                </Property>
                <Property name="Label" type="App::PropertyString">
                    <String value="Pocket004"/>
                </Property>
                <Property name="Length" type="App::PropertyLength">
                    <Float value="5.000000000000"/>
                </Property>
                <Property name="Midplane" type="App::PropertyBool">
                    <Bool value="false"/>
                </Property>
                <Property name="Placement" type="App::PropertyPlacement">
                    <PropertyPlacement Px="0.000000000000" Py="0.000000000000" Pz="0.000000000000" Q0="0.000000000000" Q1="0.000000000000" Q2="0.000000000000" Q3="1.000000000000"/>
                </Property>
                <Property name="Reversed" type="App::PropertyBool">
                    <Bool value="false"/>
                </Property>
                <Property name="Shape" type="Part::PropertyPartShape">
                    <Part file="PartShape26.brp"/>
                </Property>
                <Property name="Sketch" type="App::PropertyLink">
                    <Link value="Sketch005"/>
                </Property>
                <Property name="SubShape" type="Part::PropertyPartShape">
                    <Part file="PartShape27.brp"/>
                </Property>
                <Property name="Type" type="App::PropertyEnumeration">
                    <Integer value="1"/>
                </Property>
                <Property name="UpToFace" type="App::PropertyLinkSub">
                    <LinkSub value="" count="0">
                    </LinkSub>
                </Property>
            </Properties>
        </Object>
        <Object name="Sketch006">
            <Properties Count="8">
                <Property name="Constraints" type="Sketcher::PropertyConstraintList">
                    <ConstraintList count="18">
                        <Constrain Name="" Type="1" Value="0.000000000000" First="0" FirstPos="2" Second="1" SecondPos="1" Third="-2000" ThirdPos="0" LabelDistance="10.000000000000" LabelPosition="0.000000000000" IsDriving="1" />
                        <Constrain Name="" Type="1" Value="0.000000000000" First="1" FirstPos="2" Second="2" SecondPos="1" Third="-2000" ThirdPos="0" LabelDistance="10.000000000000" LabelPosition="0.000000000000" IsDriving="1" />
                        <Constrain Name="" Type="1" Value="0.000000000000" First="2" FirstPos="2" Second="3" SecondPos="1" Third="-2000" ThirdPos="0" LabelDistance="10.000000000000" LabelPosition="0.000000000000" IsDriving="1" />
                        <Constrain Name="" Type="1" Value="0.000000000000" First="3" FirstPos="2" Second="0" SecondPos="1" Third="-2000" ThirdPos="0" LabelDistance="10.000000000000" LabelPosition="0.000000000000" IsDriving="1" />
                        <Constrain Name="" Type="2" Value="0.000000000000" First="0" FirstPos="0" Second="-2000" SecondPos="0" Third="-2000" ThirdPos="0" LabelDistance="10.000000000000" LabelPosition="0.000000000000" IsDriving="1" />
                        <Constrain Name="" Type="2" Value="0.000000000000" First="2" FirstPos="0" Second="-2000" SecondPos="0" Third="-2000" ThirdPos="0" LabelDistance="10.000000000000" LabelPosition="0.000000000000" IsDriving="1" />
                        <Constrain Name="" Type="3" Value="0.000000000000" First="1" FirstPos="0" Second="-2000" SecondPos="0" Third="-2000" ThirdPos="0" LabelDistance="10.000000000000" LabelPosition="0.000000000000" IsDriving="1" />
                        <Constrain Name="" Type="3" Value="0.000000000000" First="3" FirstPos="0" Second="-2000" SecondPos="0" Third="-2000" ThirdPos="0" LabelDistance="10.000000000000" LabelPosition="0.000000000000" IsDriving="1" />
                        <Constrain Name="" Type="14" Value="0.000000000000" First="1" FirstPos="2" Second="0" SecondPos="1" Third="-1" ThirdPos="1" LabelDistance="10.000000000000" LabelPosition="0.000000000000" IsDriving="1" />
                        <Constrain Name="" Type="7" Value="93.000000000000" First="0" FirstPos="1" Second="0" SecondPos="2" Third="-2000" ThirdPos="0" LabelDistance="6.413637161255" LabelPosition="0.000000000000" IsDriving="1" />
                        <Constrain Name="" Type="8" Value="33.000000000000" First="3" FirstPos="1" Second="3" SecondPos="2" Third="-2000" ThirdPos="0" LabelDistance="6.413637161255" LabelPosition="0.000000000000" IsDriving="1" />
                        <Constrain Name="" Type="1" Value="0.000000000000" First="4" FirstPos="3" Second="0" SecondPos="1" Third="-2000" ThirdPos="0" LabelDistance="10.000000000000" LabelPosition="0.000000000000" IsDriving="1" />
                        <Constrain Name="" Type="1" Value="0.000000000000" First="6" FirstPos="3" Second="1" SecondPos="2" Third="-2000" ThirdPos="0" LabelDistance="10.000000000000" LabelPosition="0.000000000000" IsDriving="1" />
                        <Constrain Name="" Type="1" Value="0.000000000000" First="7" FirstPos="3" Second="2" SecondPos="2" Third="-2000" ThirdPos="0" LabelDistance="10.000000000000" LabelPosition="0.000000000000" IsDriving="1" />
                        <Constrain Name="" Type="12" Value="0.000000000000" First="6" FirstPos="0" Second="5" SecondPos="0" Third="-2000" ThirdPos="0" LabelDistance="10.000000000000" LabelPosition="0.000000000000" IsDriving="1" />
                        <Constrain Name="" Type="12" Value="0.000000000000" First="5" FirstPos="0" Second="4" SecondPos="0" Third="-2000" ThirdPos="0" LabelDistance="10.000000000000" LabelPosition="0.000000000000" IsDriving="1" />
                        <Constrain Name="" Type="12" Value="0.000000000000" First="4" FirstPos="0" Second="7" SecondPos="0" Third="-2000" ThirdPos="0" LabelDistance="10.000000000000" LabelPosition="0.000000000000" IsDriving="1" />
                        <Constrain Name="" Type="11" Value="6.000000000000" First="4" FirstPos="0" Second="-2000" SecondPos="0" Third="-2000" ThirdPos="0" LabelDistance="4.299189090729" LabelPosition="10.000000000000" IsDriving="1" />
                    </ConstraintList>
                </Property>
                <Property name="ExpressionEngine" type="App::PropertyExpressionEngine">
                    <ExpressionEngine count="0">
                    </ExpressionEngine>
                </Property>
                <Property name="ExternalGeometry" type="App::PropertyLinkSubList">
                    <LinkSubList count="0">
                    </LinkSubList>
                </Property>
                <Property name="Geometry" type="Part::PropertyGeometryList">
                    <GeometryList count="8">
                        <Geometry  type="Part::GeomLineSegment">
                            <Construction value="1"/>
                            <LineSegment StartX="-46.500000000000" StartY="16.500000000000" StartZ="0.000000000000" EndX="46.500000000000" EndY="16.500000000000" EndZ="0.000000000000"/>
                        </Geometry>
                        <Geometry  type="Part::GeomLineSegment">
                            <Construction value="1"/>
                            <LineSegment StartX="46.500000000000" StartY="16.500000000000" StartZ="0.000000000000" EndX="46.500000000000" EndY="-16.500000000000" EndZ="0.000000000000"/>
                        </Geometry>
                        <Geometry  type="Part::GeomLineSegment">
                            <Construction value="1"/>
                            <LineSegment StartX="46.500000000000" StartY="-16.500000000000" StartZ="0.000000000000" EndX="-46.500000000000" EndY="-16.500000000000" EndZ="0.000000000000"/>
                        </Geometry>
                        <Geometry  type="Part::GeomLineSegment">
                            <Construction value="1"/>
                            <LineSegment StartX="-46.500000000000" StartY="-16.500000000000" StartZ="0.000000000000" EndX="-46.500000000000" EndY="16.500000000000" EndZ="0.000000000000"/>
                        </Geometry>
                        <Geometry  type="Part::GeomCircle">
                            <Construction value="0"/>
                            <Circle CenterX="-46.500000000000" CenterY="16.500000000000" CenterZ="0.000000000000" NormalX="0.000000000000" NormalY="0.000000000000" NormalZ="1.000000000000" Radius="6.000000000000"/>
                        </Geometry>
                        <Geometry  type="Part::GeomCircle">
                            <Construction value="0"/>
                            <Circle CenterX="46.571671000000" CenterY="16.324396000000" CenterZ="0.000000000000" NormalX="0.000000000000" NormalY="0.000000000000" NormalZ="1.000000000000" Radius="6.000000000000"/>
                        </Geometry>
                        <Geometry  type="Part::GeomCircle">
                            <Construction value="0"/>
                            <Circle CenterX="46.500000000000" CenterY="-16.500000000000" CenterZ="0.000000000000" NormalX="0.000000000000" NormalY="0.000000000000" NormalZ="1.000000000000" Radius="6.000000000000"/>
                        </Geometry>
                        <Geometry  type="Part::GeomCircle">
                            <Construction value="0"/>
                            <Circle CenterX="-46.500000000000" CenterY="-16.500000000000" CenterZ="0.000000000000" NormalX="0.000000000000" NormalY="0.000000000000" NormalZ="1.000000000000" Radius="6.000000000000"/>
                        </Geometry>
                    </GeometryList>
                </Property>
                <Property name="Label" type="App::PropertyString">
                    <String value="Sketch006"/>
                </Property>
                <Property name="Placement" type="App::PropertyPlacement">
                    <PropertyPlacement Px="0.000000000000" Py="-0.000000000000" Pz="0.000000000000" Q0="1.000000000000" Q1="0.000000000000" Q2="0.000000000000" Q3="0.000000000000"/>
                </Property>
                <Property name="Shape" type="Part::PropertyPartShape">
                    <Part file="PartShape28.brp"/>
                </Property>
                <Property name="Support" type="App::PropertyLinkSub">
                    <LinkSub value="Pocket004" count="1">
                        <Sub value="Face17"/>
                    </LinkSub>
                </Property>
            </Properties>
        </Object>
        <Object name="Pocket005">
            <Properties Count="11">
                <Property name="ExpressionEngine" type="App::PropertyExpressionEngine">
                    <ExpressionEngine count="0">
                    </ExpressionEngine>
                </Property>
                <Property name="Label" type="App::PropertyString">
                    <String value="Pocket005"/>
                </Property>
                <Property name="Length" type="App::PropertyLength">
                    <Float value="7.000000000000"/>
                </Property>
                <Property name="Midplane" type="App::PropertyBool">
                    <Bool value="false"/>
                </Property>
                <Property name="Placement" type="App::PropertyPlacement">
                    <PropertyPlacement Px="0.000000000000" Py="0.000000000000" Pz="0.000000000000" Q0="0.000000000000" Q1="0.000000000000" Q2="0.000000000000" Q3="1.000000000000"/>
                </Property>
                <Property name="Reversed" type="App::PropertyBool">
                    <Bool value="false"/>
                </Property>
                <Property name="Shape" type="Part::PropertyPartShape">
                    <Part file="PartShape29.brp"/>
                </Property>
                <Property name="Sketch" type="App::PropertyLink">
                    <Link value="Sketch006"/>
                </Property>
                <Property name="SubShape" type="Part::PropertyPartShape">
                    <Part file="PartShape30.brp"/>
                </Property>
                <Property name="Type" type="App::PropertyEnumeration">
                    <Integer value="0"/>
                </Property>
                <Property name="UpToFace" type="App::PropertyLinkSub">
                    <LinkSub value="" count="0">
                    </LinkSub>
                </Property>
            </Properties>
        </Object>
    </ObjectData>
</Document>
