<?xml version='1.0' encoding='utf-8'?>
<!--
 FreeCAD Document, see http://www.freecadweb.org for more information...
-->
<Document SchemaVersion="1">
    <ViewProviderData Count="24">
        <ViewProvider name="Pad" expanded="0">
            <Properties Count="18">
                <Property name="AngularDeflection" type="App::PropertyAngle">
                    <Float value="28.500000000000"/>
                </Property>
                <Property name="BoundingBox" type="App::PropertyBool">
                    <Bool value="false"/>
                </Property>
                <Property name="Deviation" type="App::PropertyFloatConstraint">
                    <Float value="0.500000000000"/>
                </Property>
                <Property name="DiffuseColor" type="App::PropertyColorList">
                    <ColorList file="DiffuseColor"/>
                </Property>
                <Property name="DisplayMode" type="App::PropertyEnumeration">
                    <Integer value="0"/>
                </Property>
                <Property name="DrawStyle" type="App::PropertyEnumeration">
                    <Integer value="0"/>
                </Property>
                <Property name="Lighting" type="App::PropertyEnumeration">
                    <Integer value="1"/>
                </Property>
                <Property name="LineColor" type="App::PropertyColor">
                    <PropertyColor value="421075200"/>
                </Property>
                <Property name="LineMaterial" type="App::PropertyMaterial">
                    <PropertyMaterial ambientColor="858993408" diffuseColor="421075200" specularColor="0" emissiveColor="0" shininess="1.000000000000" transparency="0.000000000000"/>
                </Property>
                <Property name="LineWidth" type="App::PropertyFloatConstraint">
                    <Float value="2.000000000000"/>
                </Property>
                <Property name="PointColor" type="App::PropertyColor">
                    <PropertyColor value="421075200"/>
                </Property>
                <Property name="PointMaterial" type="App::PropertyMaterial">
                    <PropertyMaterial ambientColor="858993408" diffuseColor="421075200" specularColor="0" emissiveColor="0" shininess="1.000000000000" transparency="0.000000000000"/>
                </Property>
                <Property name="PointSize" type="App::PropertyFloatConstraint">
                    <Float value="2.000000000000"/>
                </Property>
                <Property name="Selectable" type="App::PropertyBool">
                    <Bool value="true"/>
                </Property>
                <Property name="ShapeColor" type="App::PropertyColor">
                    <PropertyColor value="3435973632"/>
                </Property>
                <Property name="ShapeMaterial" type="App::PropertyMaterial">
                    <PropertyMaterial ambientColor="858993408" diffuseColor="3435973632" specularColor="0" emissiveColor="0" shininess="0.200000002980" transparency="0.000000000000"/>
                </Property>
                <Property name="Transparency" type="App::PropertyPercent">
                    <Integer value="0"/>
                </Property>
                <Property name="Visibility" type="App::PropertyBool">
                    <Bool value="false"/>
                </Property>
            </Properties>
        </ViewProvider>
        <ViewProvider name="Pocket003" expanded="0">
            <Properties Count="18">
                <Property name="AngularDeflection" type="App::PropertyAngle">
                    <Float value="28.500000000000"/>
                </Property>
                <Property name="BoundingBox" type="App::PropertyBool">
                    <Bool value="false"/>
                </Property>
                <Property name="Deviation" type="App::PropertyFloatConstraint">
                    <Float value="0.500000000000"/>
                </Property>
                <Property name="DiffuseColor" type="App::PropertyColorList">
                    <ColorList file="DiffuseColor1"/>
                </Property>
                <Property name="DisplayMode" type="App::PropertyEnumeration">
                    <Integer value="0"/>
                </Property>
                <Property name="DrawStyle" type="App::PropertyEnumeration">
                    <Integer value="0"/>
                </Property>
                <Property name="Lighting" type="App::PropertyEnumeration">
                    <Integer value="1"/>
                </Property>
                <Property name="LineColor" type="App::PropertyColor">
                    <PropertyColor value="421075200"/>
                </Property>
                <Property name="LineMaterial" type="App::PropertyMaterial">
                    <PropertyMaterial ambientColor="858993408" diffuseColor="421075200" specularColor="0" emissiveColor="0" shininess="1.000000000000" transparency="0.000000000000"/>
                </Property>
                <Property name="LineWidth" type="App::PropertyFloatConstraint">
                    <Float value="2.000000000000"/>
                </Property>
                <Property name="PointColor" type="App::PropertyColor">
                    <PropertyColor value="421075200"/>
                </Property>
                <Property name="PointMaterial" type="App::PropertyMaterial">
                    <PropertyMaterial ambientColor="858993408" diffuseColor="421075200" specularColor="0" emissiveColor="0" shininess="1.000000000000" transparency="0.000000000000"/>
                </Property>
                <Property name="PointSize" type="App::PropertyFloatConstraint">
                    <Float value="2.000000000000"/>
                </Property>
                <Property name="Selectable" type="App::PropertyBool">
                    <Bool value="true"/>
                </Property>
                <Property name="ShapeColor" type="App::PropertyColor">
                    <PropertyColor value="3435973632"/>
                </Property>
                <Property name="ShapeMaterial" type="App::PropertyMaterial">
                    <PropertyMaterial ambientColor="858993408" diffuseColor="3435973632" specularColor="0" emissiveColor="0" shininess="0.200000002980" transparency="0.000000000000"/>
                </Property>
                <Property name="Transparency" type="App::PropertyPercent">
                    <Integer value="0"/>
                </Property>
                <Property name="Visibility" type="App::PropertyBool">
                    <Bool value="false"/>
                </Property>
            </Properties>
        </ViewProvider>
        <ViewProvider name="Chamfer001" expanded="0">
            <Properties Count="18">
                <Property name="AngularDeflection" type="App::PropertyAngle">
                    <Float value="28.500000000000"/>
                </Property>
                <Property name="BoundingBox" type="App::PropertyBool">
                    <Bool value="false"/>
                </Property>
                <Property name="Deviation" type="App::PropertyFloatConstraint">
                    <Float value="0.500000000000"/>
                </Property>
                <Property name="DiffuseColor" type="App::PropertyColorList">
                    <ColorList file="DiffuseColor2"/>
                </Property>
                <Property name="DisplayMode" type="App::PropertyEnumeration">
                    <Integer value="0"/>
                </Property>
                <Property name="DrawStyle" type="App::PropertyEnumeration">
                    <Integer value="0"/>
                </Property>
                <Property name="Lighting" type="App::PropertyEnumeration">
                    <Integer value="1"/>
                </Property>
                <Property name="LineColor" type="App::PropertyColor">
                    <PropertyColor value="421075200"/>
                </Property>
                <Property name="LineMaterial" type="App::PropertyMaterial">
                    <PropertyMaterial ambientColor="858993408" diffuseColor="421075200" specularColor="0" emissiveColor="0" shininess="1.000000000000" transparency="0.000000000000"/>
                </Property>
                <Property name="LineWidth" type="App::PropertyFloatConstraint">
                    <Float value="2.000000000000"/>
                </Property>
                <Property name="PointColor" type="App::PropertyColor">
                    <PropertyColor value="421075200"/>
                </Property>
                <Property name="PointMaterial" type="App::PropertyMaterial">
                    <PropertyMaterial ambientColor="858993408" diffuseColor="421075200" specularColor="0" emissiveColor="0" shininess="1.000000000000" transparency="0.000000000000"/>
                </Property>
                <Property name="PointSize" type="App::PropertyFloatConstraint">
                    <Float value="2.000000000000"/>
                </Property>
                <Property name="Selectable" type="App::PropertyBool">
                    <Bool value="true"/>
                </Property>
                <Property name="ShapeColor" type="App::PropertyColor">
                    <PropertyColor value="3435973632"/>
                </Property>
                <Property name="ShapeMaterial" type="App::PropertyMaterial">
                    <PropertyMaterial ambientColor="858993408" diffuseColor="3435973632" specularColor="0" emissiveColor="0" shininess="0.200000002980" transparency="0.000000000000"/>
                </Property>
                <Property name="Transparency" type="App::PropertyPercent">
                    <Integer value="0"/>
                </Property>
                <Property name="Visibility" type="App::PropertyBool">
                    <Bool value="false"/>
                </Property>
            </Properties>
        </ViewProvider>
        <ViewProvider name="Chamfer" expanded="0">
            <Properties Count="18">
                <Property name="AngularDeflection" type="App::PropertyAngle">
                    <Float value="28.500000000000"/>
                </Property>
                <Property name="BoundingBox" type="App::PropertyBool">
                    <Bool value="false"/>
                </Property>
                <Property name="Deviation" type="App::PropertyFloatConstraint">
                    <Float value="0.500000000000"/>
                </Property>
                <Property name="DiffuseColor" type="App::PropertyColorList">
                    <ColorList file="DiffuseColor3"/>
                </Property>
                <Property name="DisplayMode" type="App::PropertyEnumeration">
                    <Integer value="0"/>
                </Property>
                <Property name="DrawStyle" type="App::PropertyEnumeration">
                    <Integer value="0"/>
                </Property>
                <Property name="Lighting" type="App::PropertyEnumeration">
                    <Integer value="1"/>
                </Property>
                <Property name="LineColor" type="App::PropertyColor">
                    <PropertyColor value="421075200"/>
                </Property>
                <Property name="LineMaterial" type="App::PropertyMaterial">
                    <PropertyMaterial ambientColor="858993408" diffuseColor="421075200" specularColor="0" emissiveColor="0" shininess="1.000000000000" transparency="0.000000000000"/>
                </Property>
                <Property name="LineWidth" type="App::PropertyFloatConstraint">
                    <Float value="2.000000000000"/>
                </Property>
                <Property name="PointColor" type="App::PropertyColor">
                    <PropertyColor value="421075200"/>
                </Property>
                <Property name="PointMaterial" type="App::PropertyMaterial">
                    <PropertyMaterial ambientColor="858993408" diffuseColor="421075200" specularColor="0" emissiveColor="0" shininess="1.000000000000" transparency="0.000000000000"/>
                </Property>
                <Property name="PointSize" type="App::PropertyFloatConstraint">
                    <Float value="2.000000000000"/>
                </Property>
                <Property name="Selectable" type="App::PropertyBool">
                    <Bool value="true"/>
                </Property>
                <Property name="ShapeColor" type="App::PropertyColor">
                    <PropertyColor value="3435973632"/>
                </Property>
                <Property name="ShapeMaterial" type="App::PropertyMaterial">
                    <PropertyMaterial ambientColor="858993408" diffuseColor="3435973632" specularColor="0" emissiveColor="0" shininess="0.200000002980" transparency="0.000000000000"/>
                </Property>
                <Property name="Transparency" type="App::PropertyPercent">
                    <Integer value="0"/>
                </Property>
                <Property name="Visibility" type="App::PropertyBool">
                    <Bool value="false"/>
                </Property>
            </Properties>
        </ViewProvider>
        <ViewProvider name="Chamfer002" expanded="0">
            <Properties Count="18">
                <Property name="AngularDeflection" type="App::PropertyAngle">
                    <Float value="28.500000000000"/>
                </Property>
                <Property name="BoundingBox" type="App::PropertyBool">
                    <Bool value="false"/>
                </Property>
                <Property name="Deviation" type="App::PropertyFloatConstraint">
                    <Float value="0.500000000000"/>
                </Property>
                <Property name="DiffuseColor" type="App::PropertyColorList">
                    <ColorList file="DiffuseColor4"/>
                </Property>
                <Property name="DisplayMode" type="App::PropertyEnumeration">
                    <Integer value="0"/>
                </Property>
                <Property name="DrawStyle" type="App::PropertyEnumeration">
                    <Integer value="0"/>
                </Property>
                <Property name="Lighting" type="App::PropertyEnumeration">
                    <Integer value="1"/>
                </Property>
                <Property name="LineColor" type="App::PropertyColor">
                    <PropertyColor value="421075200"/>
                </Property>
                <Property name="LineMaterial" type="App::PropertyMaterial">
                    <PropertyMaterial ambientColor="858993408" diffuseColor="421075200" specularColor="0" emissiveColor="0" shininess="1.000000000000" transparency="0.000000000000"/>
                </Property>
                <Property name="LineWidth" type="App::PropertyFloatConstraint">
                    <Float value="2.000000000000"/>
                </Property>
                <Property name="PointColor" type="App::PropertyColor">
                    <PropertyColor value="421075200"/>
                </Property>
                <Property name="PointMaterial" type="App::PropertyMaterial">
                    <PropertyMaterial ambientColor="858993408" diffuseColor="421075200" specularColor="0" emissiveColor="0" shininess="1.000000000000" transparency="0.000000000000"/>
                </Property>
                <Property name="PointSize" type="App::PropertyFloatConstraint">
                    <Float value="2.000000000000"/>
                </Property>
                <Property name="Selectable" type="App::PropertyBool">
                    <Bool value="true"/>
                </Property>
                <Property name="ShapeColor" type="App::PropertyColor">
                    <PropertyColor value="3435973632"/>
                </Property>
                <Property name="ShapeMaterial" type="App::PropertyMaterial">
                    <PropertyMaterial ambientColor="858993408" diffuseColor="3435973632" specularColor="0" emissiveColor="0" shininess="0.200000002980" transparency="0.000000000000"/>
                </Property>
                <Property name="Transparency" type="App::PropertyPercent">
                    <Integer value="0"/>
                </Property>
                <Property name="Visibility" type="App::PropertyBool">
                    <Bool value="false"/>
                </Property>
            </Properties>
        </ViewProvider>
        <ViewProvider name="Chamfer005" expanded="0">
            <Properties Count="18">
                <Property name="AngularDeflection" type="App::PropertyAngle">
                    <Float value="28.500000000000"/>
                </Property>
                <Property name="BoundingBox" type="App::PropertyBool">
                    <Bool value="false"/>
                </Property>
                <Property name="Deviation" type="App::PropertyFloatConstraint">
                    <Float value="0.500000000000"/>
                </Property>
                <Property name="DiffuseColor" type="App::PropertyColorList">
                    <ColorList file="DiffuseColor5"/>
                </Property>
                <Property name="DisplayMode" type="App::PropertyEnumeration">
                    <Integer value="0"/>
                </Property>
                <Property name="DrawStyle" type="App::PropertyEnumeration">
                    <Integer value="0"/>
                </Property>
                <Property name="Lighting" type="App::PropertyEnumeration">
                    <Integer value="1"/>
                </Property>
                <Property name="LineColor" type="App::PropertyColor">
                    <PropertyColor value="421075200"/>
                </Property>
                <Property name="LineMaterial" type="App::PropertyMaterial">
                    <PropertyMaterial ambientColor="858993408" diffuseColor="421075200" specularColor="0" emissiveColor="0" shininess="1.000000000000" transparency="0.000000000000"/>
                </Property>
                <Property name="LineWidth" type="App::PropertyFloatConstraint">
                    <Float value="2.000000000000"/>
                </Property>
                <Property name="PointColor" type="App::PropertyColor">
                    <PropertyColor value="421075200"/>
                </Property>
                <Property name="PointMaterial" type="App::PropertyMaterial">
                    <PropertyMaterial ambientColor="858993408" diffuseColor="421075200" specularColor="0" emissiveColor="0" shininess="1.000000000000" transparency="0.000000000000"/>
                </Property>
                <Property name="PointSize" type="App::PropertyFloatConstraint">
                    <Float value="2.000000000000"/>
                </Property>
                <Property name="Selectable" type="App::PropertyBool">
                    <Bool value="true"/>
                </Property>
                <Property name="ShapeColor" type="App::PropertyColor">
                    <PropertyColor value="3435973632"/>
                </Property>
                <Property name="ShapeMaterial" type="App::PropertyMaterial">
                    <PropertyMaterial ambientColor="858993408" diffuseColor="3435973632" specularColor="0" emissiveColor="0" shininess="0.200000002980" transparency="0.000000000000"/>
                </Property>
                <Property name="Transparency" type="App::PropertyPercent">
                    <Integer value="0"/>
                </Property>
                <Property name="Visibility" type="App::PropertyBool">
                    <Bool value="false"/>
                </Property>
            </Properties>
        </ViewProvider>
        <ViewProvider name="Chamfer004" expanded="0">
            <Properties Count="18">
                <Property name="AngularDeflection" type="App::PropertyAngle">
                    <Float value="28.500000000000"/>
                </Property>
                <Property name="BoundingBox" type="App::PropertyBool">
                    <Bool value="false"/>
                </Property>
                <Property name="Deviation" type="App::PropertyFloatConstraint">
                    <Float value="0.500000000000"/>
                </Property>
                <Property name="DiffuseColor" type="App::PropertyColorList">
                    <ColorList file="DiffuseColor6"/>
                </Property>
                <Property name="DisplayMode" type="App::PropertyEnumeration">
                    <Integer value="0"/>
                </Property>
                <Property name="DrawStyle" type="App::PropertyEnumeration">
                    <Integer value="0"/>
                </Property>
                <Property name="Lighting" type="App::PropertyEnumeration">
                    <Integer value="1"/>
                </Property>
                <Property name="LineColor" type="App::PropertyColor">
                    <PropertyColor value="421075200"/>
                </Property>
                <Property name="LineMaterial" type="App::PropertyMaterial">
                    <PropertyMaterial ambientColor="858993408" diffuseColor="421075200" specularColor="0" emissiveColor="0" shininess="1.000000000000" transparency="0.000000000000"/>
                </Property>
                <Property name="LineWidth" type="App::PropertyFloatConstraint">
                    <Float value="2.000000000000"/>
                </Property>
                <Property name="PointColor" type="App::PropertyColor">
                    <PropertyColor value="421075200"/>
                </Property>
                <Property name="PointMaterial" type="App::PropertyMaterial">
                    <PropertyMaterial ambientColor="858993408" diffuseColor="421075200" specularColor="0" emissiveColor="0" shininess="1.000000000000" transparency="0.000000000000"/>
                </Property>
                <Property name="PointSize" type="App::PropertyFloatConstraint">
                    <Float value="2.000000000000"/>
                </Property>
                <Property name="Selectable" type="App::PropertyBool">
                    <Bool value="true"/>
                </Property>
                <Property name="ShapeColor" type="App::PropertyColor">
                    <PropertyColor value="3435973632"/>
                </Property>
                <Property name="ShapeMaterial" type="App::PropertyMaterial">
                    <PropertyMaterial ambientColor="858993408" diffuseColor="3435973632" specularColor="0" emissiveColor="0" shininess="0.200000002980" transparency="0.000000000000"/>
                </Property>
                <Property name="Transparency" type="App::PropertyPercent">
                    <Integer value="0"/>
                </Property>
                <Property name="Visibility" type="App::PropertyBool">
                    <Bool value="false"/>
                </Property>
            </Properties>
        </ViewProvider>
        <ViewProvider name="Chamfer003" expanded="0">
            <Properties Count="18">
                <Property name="AngularDeflection" type="App::PropertyAngle">
                    <Float value="28.500000000000"/>
                </Property>
                <Property name="BoundingBox" type="App::PropertyBool">
                    <Bool value="false"/>
                </Property>
                <Property name="Deviation" type="App::PropertyFloatConstraint">
                    <Float value="0.500000000000"/>
                </Property>
                <Property name="DiffuseColor" type="App::PropertyColorList">
                    <ColorList file="DiffuseColor7"/>
                </Property>
                <Property name="DisplayMode" type="App::PropertyEnumeration">
                    <Integer value="0"/>
                </Property>
                <Property name="DrawStyle" type="App::PropertyEnumeration">
                    <Integer value="0"/>
                </Property>
                <Property name="Lighting" type="App::PropertyEnumeration">
                    <Integer value="1"/>
                </Property>
                <Property name="LineColor" type="App::PropertyColor">
                    <PropertyColor value="421075200"/>
                </Property>
                <Property name="LineMaterial" type="App::PropertyMaterial">
                    <PropertyMaterial ambientColor="858993408" diffuseColor="421075200" specularColor="0" emissiveColor="0" shininess="1.000000000000" transparency="0.000000000000"/>
                </Property>
                <Property name="LineWidth" type="App::PropertyFloatConstraint">
                    <Float value="2.000000000000"/>
                </Property>
                <Property name="PointColor" type="App::PropertyColor">
                    <PropertyColor value="421075200"/>
                </Property>
                <Property name="PointMaterial" type="App::PropertyMaterial">
                    <PropertyMaterial ambientColor="858993408" diffuseColor="421075200" specularColor="0" emissiveColor="0" shininess="1.000000000000" transparency="0.000000000000"/>
                </Property>
                <Property name="PointSize" type="App::PropertyFloatConstraint">
                    <Float value="2.000000000000"/>
                </Property>
                <Property name="Selectable" type="App::PropertyBool">
                    <Bool value="true"/>
                </Property>
                <Property name="ShapeColor" type="App::PropertyColor">
                    <PropertyColor value="3435973632"/>
                </Property>
                <Property name="ShapeMaterial" type="App::PropertyMaterial">
                    <PropertyMaterial ambientColor="858993408" diffuseColor="3435973632" specularColor="0" emissiveColor="0" shininess="0.200000002980" transparency="0.000000000000"/>
                </Property>
                <Property name="Transparency" type="App::PropertyPercent">
                    <Integer value="0"/>
                </Property>
                <Property name="Visibility" type="App::PropertyBool">
                    <Bool value="false"/>
                </Property>
            </Properties>
        </ViewProvider>
        <ViewProvider name="Sketch005" expanded="0">
            <Properties Count="24">
                <Property name="AngularDeflection" type="App::PropertyAngle">
                    <Float value="28.500000000000"/>
                </Property>
                <Property name="Autoconstraints" type="App::PropertyBool">
                    <Bool value="true"/>
                </Property>
                <Property name="BoundingBox" type="App::PropertyBool">
                    <Bool value="false"/>
                </Property>
                <Property name="Deviation" type="App::PropertyFloatConstraint">
                    <Float value="0.500000000000"/>
                </Property>
                <Property name="DiffuseColor" type="App::PropertyColorList">
                    <ColorList file="DiffuseColor8"/>
                </Property>
                <Property name="DisplayMode" type="App::PropertyEnumeration">
                    <Integer value="1"/>
                </Property>
                <Property name="DrawStyle" type="App::PropertyEnumeration">
                    <Integer value="0"/>
                </Property>
                <Property name="GridSize" type="App::PropertyLength">
                    <Float value="10.000000000000"/>
                </Property>
                <Property name="GridSnap" type="App::PropertyBool">
                    <Bool value="false"/>
                </Property>
                <Property name="GridStyle" type="App::PropertyEnumeration">
                    <Integer value="0"/>
                </Property>
                <Property name="Lighting" type="App::PropertyEnumeration">
                    <Integer value="1"/>
                </Property>
                <Property name="LineColor" type="App::PropertyColor">
                    <PropertyColor value="4294967295"/>
                </Property>
                <Property name="LineMaterial" type="App::PropertyMaterial">
                    <PropertyMaterial ambientColor="858993408" diffuseColor="4294967295" specularColor="0" emissiveColor="0" shininess="1.000000000000" transparency="0.000000000000"/>
                </Property>
                <Property name="LineWidth" type="App::PropertyFloatConstraint">
                    <Float value="2.000000000000"/>
                </Property>
                <Property name="PointColor" type="App::PropertyColor">
                    <PropertyColor value="4294967295"/>
                </Property>
                <Property name="PointMaterial" type="App::PropertyMaterial">
                    <PropertyMaterial ambientColor="858993408" diffuseColor="4294967295" specularColor="0" emissiveColor="0" shininess="1.000000000000" transparency="0.000000000000"/>
                </Property>
                <Property name="PointSize" type="App::PropertyFloatConstraint">
                    <Float value="4.000000000000"/>
                </Property>
                <Property name="Selectable" type="App::PropertyBool">
                    <Bool value="true"/>
                </Property>
                <Property name="ShapeColor" type="App::PropertyColor">
                    <PropertyColor value="3435973632"/>
                </Property>
                <Property name="ShapeMaterial" type="App::PropertyMaterial">
                    <PropertyMaterial ambientColor="858993408" diffuseColor="3435973632" specularColor="0" emissiveColor="0" shininess="0.200000002980" transparency="0.000000000000"/>
                </Property>
                <Property name="ShowGrid" type="App::PropertyBool">
                    <Bool value="false"/>
                </Property>
                <Property name="TightGrid" type="App::PropertyBool">
                    <Bool value="true"/>
                </Property>
                <Property name="Transparency" type="App::PropertyPercent">
                    <Integer value="0"/>
                </Property>
                <Property name="Visibility" type="App::PropertyBool">
                    <Bool value="false"/>
                </Property>
            </Properties>
        </ViewProvider>
        <ViewProvider name="Pocket" expanded="0">
            <Properties Count="18">
                <Property name="AngularDeflection" type="App::PropertyAngle">
                    <Float value="28.500000000000"/>
                </Property>
                <Property name="BoundingBox" type="App::PropertyBool">
                    <Bool value="false"/>
                </Property>
                <Property name="Deviation" type="App::PropertyFloatConstraint">
                    <Float value="0.500000000000"/>
                </Property>
                <Property name="DiffuseColor" type="App::PropertyColorList">
                    <ColorList file="DiffuseColor9"/>
                </Property>
                <Property name="DisplayMode" type="App::PropertyEnumeration">
                    <Integer value="0"/>
                </Property>
                <Property name="DrawStyle" type="App::PropertyEnumeration">
                    <Integer value="0"/>
                </Property>
                <Property name="Lighting" type="App::PropertyEnumeration">
                    <Integer value="1"/>
                </Property>
                <Property name="LineColor" type="App::PropertyColor">
                    <PropertyColor value="421075200"/>
                </Property>
                <Property name="LineMaterial" type="App::PropertyMaterial">
                    <PropertyMaterial ambientColor="858993408" diffuseColor="421075200" specularColor="0" emissiveColor="0" shininess="1.000000000000" transparency="0.000000000000"/>
                </Property>
                <Property name="LineWidth" type="App::PropertyFloatConstraint">
                    <Float value="2.000000000000"/>
                </Property>
                <Property name="PointColor" type="App::PropertyColor">
                    <PropertyColor value="421075200"/>
                </Property>
                <Property name="PointMaterial" type="App::PropertyMaterial">
                    <PropertyMaterial ambientColor="858993408" diffuseColor="421075200" specularColor="0" emissiveColor="0" shininess="1.000000000000" transparency="0.000000000000"/>
                </Property>
                <Property name="PointSize" type="App::PropertyFloatConstraint">
                    <Float value="2.000000000000"/>
                </Property>
                <Property name="Selectable" type="App::PropertyBool">
                    <Bool value="true"/>
                </Property>
                <Property name="ShapeColor" type="App::PropertyColor">
                    <PropertyColor value="3435973632"/>
                </Property>
                <Property name="ShapeMaterial" type="App::PropertyMaterial">
                    <PropertyMaterial ambientColor="858993408" diffuseColor="3435973632" specularColor="0" emissiveColor="0" shininess="0.200000002980" transparency="0.000000000000"/>
                </Property>
                <Property name="Transparency" type="App::PropertyPercent">
                    <Integer value="0"/>
                </Property>
                <Property name="Visibility" type="App::PropertyBool">
                    <Bool value="false"/>
                </Property>
            </Properties>
        </ViewProvider>
        <ViewProvider name="Pocket001" expanded="0">
            <Properties Count="18">
                <Property name="AngularDeflection" type="App::PropertyAngle">
                    <Float value="28.500000000000"/>
                </Property>
                <Property name="BoundingBox" type="App::PropertyBool">
                    <Bool value="false"/>
                </Property>
                <Property name="Deviation" type="App::PropertyFloatConstraint">
                    <Float value="0.500000000000"/>
                </Property>
                <Property name="DiffuseColor" type="App::PropertyColorList">
                    <ColorList file="DiffuseColor10"/>
                </Property>
                <Property name="DisplayMode" type="App::PropertyEnumeration">
                    <Integer value="0"/>
                </Property>
                <Property name="DrawStyle" type="App::PropertyEnumeration">
                    <Integer value="0"/>
                </Property>
                <Property name="Lighting" type="App::PropertyEnumeration">
                    <Integer value="1"/>
                </Property>
                <Property name="LineColor" type="App::PropertyColor">
                    <PropertyColor value="421075200"/>
                </Property>
                <Property name="LineMaterial" type="App::PropertyMaterial">
                    <PropertyMaterial ambientColor="858993408" diffuseColor="421075200" specularColor="0" emissiveColor="0" shininess="1.000000000000" transparency="0.000000000000"/>
                </Property>
                <Property name="LineWidth" type="App::PropertyFloatConstraint">
                    <Float value="2.000000000000"/>
                </Property>
                <Property name="PointColor" type="App::PropertyColor">
                    <PropertyColor value="421075200"/>
                </Property>
                <Property name="PointMaterial" type="App::PropertyMaterial">
                    <PropertyMaterial ambientColor="858993408" diffuseColor="421075200" specularColor="0" emissiveColor="0" shininess="1.000000000000" transparency="0.000000000000"/>
                </Property>
                <Property name="PointSize" type="App::PropertyFloatConstraint">
                    <Float value="2.000000000000"/>
                </Property>
                <Property name="Selectable" type="App::PropertyBool">
                    <Bool value="true"/>
                </Property>
                <Property name="ShapeColor" type="App::PropertyColor">
                    <PropertyColor value="3435973632"/>
                </Property>
                <Property name="ShapeMaterial" type="App::PropertyMaterial">
                    <PropertyMaterial ambientColor="858993408" diffuseColor="3435973632" specularColor="0" emissiveColor="0" shininess="0.200000002980" transparency="0.000000000000"/>
                </Property>
                <Property name="Transparency" type="App::PropertyPercent">
                    <Integer value="0"/>
                </Property>
                <Property name="Visibility" type="App::PropertyBool">
                    <Bool value="false"/>
                </Property>
            </Properties>
        </ViewProvider>
        <ViewProvider name="Pocket002" expanded="0">
            <Properties Count="18">
                <Property name="AngularDeflection" type="App::PropertyAngle">
                    <Float value="28.500000000000"/>
                </Property>
                <Property name="BoundingBox" type="App::PropertyBool">
                    <Bool value="false"/>
                </Property>
                <Property name="Deviation" type="App::PropertyFloatConstraint">
                    <Float value="0.500000000000"/>
                </Property>
                <Property name="DiffuseColor" type="App::PropertyColorList">
                    <ColorList file="DiffuseColor11"/>
                </Property>
                <Property name="DisplayMode" type="App::PropertyEnumeration">
                    <Integer value="0"/>
                </Property>
                <Property name="DrawStyle" type="App::PropertyEnumeration">
                    <Integer value="0"/>
                </Property>
                <Property name="Lighting" type="App::PropertyEnumeration">
                    <Integer value="1"/>
                </Property>
                <Property name="LineColor" type="App::PropertyColor">
                    <PropertyColor value="421075200"/>
                </Property>
                <Property name="LineMaterial" type="App::PropertyMaterial">
                    <PropertyMaterial ambientColor="858993408" diffuseColor="421075200" specularColor="0" emissiveColor="0" shininess="1.000000000000" transparency="0.000000000000"/>
                </Property>
                <Property name="LineWidth" type="App::PropertyFloatConstraint">
                    <Float value="2.000000000000"/>
                </Property>
                <Property name="PointColor" type="App::PropertyColor">
                    <PropertyColor value="421075200"/>
                </Property>
                <Property name="PointMaterial" type="App::PropertyMaterial">
                    <PropertyMaterial ambientColor="858993408" diffuseColor="421075200" specularColor="0" emissiveColor="0" shininess="1.000000000000" transparency="0.000000000000"/>
                </Property>
                <Property name="PointSize" type="App::PropertyFloatConstraint">
                    <Float value="2.000000000000"/>
                </Property>
                <Property name="Selectable" type="App::PropertyBool">
                    <Bool value="true"/>
                </Property>
                <Property name="ShapeColor" type="App::PropertyColor">
                    <PropertyColor value="3435973632"/>
                </Property>
                <Property name="ShapeMaterial" type="App::PropertyMaterial">
                    <PropertyMaterial ambientColor="858993408" diffuseColor="3435973632" specularColor="0" emissiveColor="0" shininess="0.200000002980" transparency="0.000000000000"/>
                </Property>
                <Property name="Transparency" type="App::PropertyPercent">
                    <Integer value="0"/>
                </Property>
                <Property name="Visibility" type="App::PropertyBool">
                    <Bool value="false"/>
                </Property>
            </Properties>
        </ViewProvider>
        <ViewProvider name="Fillet" expanded="0">
            <Properties Count="18">
                <Property name="AngularDeflection" type="App::PropertyAngle">
                    <Float value="28.500000000000"/>
                </Property>
                <Property name="BoundingBox" type="App::PropertyBool">
                    <Bool value="false"/>
                </Property>
                <Property name="Deviation" type="App::PropertyFloatConstraint">
                    <Float value="0.500000000000"/>
                </Property>
                <Property name="DiffuseColor" type="App::PropertyColorList">
                    <ColorList file="DiffuseColor12"/>
                </Property>
                <Property name="DisplayMode" type="App::PropertyEnumeration">
                    <Integer value="0"/>
                </Property>
                <Property name="DrawStyle" type="App::PropertyEnumeration">
                    <Integer value="0"/>
                </Property>
                <Property name="Lighting" type="App::PropertyEnumeration">
                    <Integer value="1"/>
                </Property>
                <Property name="LineColor" type="App::PropertyColor">
                    <PropertyColor value="421075200"/>
                </Property>
                <Property name="LineMaterial" type="App::PropertyMaterial">
                    <PropertyMaterial ambientColor="858993408" diffuseColor="421075200" specularColor="0" emissiveColor="0" shininess="1.000000000000" transparency="0.000000000000"/>
                </Property>
                <Property name="LineWidth" type="App::PropertyFloatConstraint">
                    <Float value="2.000000000000"/>
                </Property>
                <Property name="PointColor" type="App::PropertyColor">
                    <PropertyColor value="421075200"/>
                </Property>
                <Property name="PointMaterial" type="App::PropertyMaterial">
                    <PropertyMaterial ambientColor="858993408" diffuseColor="421075200" specularColor="0" emissiveColor="0" shininess="1.000000000000" transparency="0.000000000000"/>
                </Property>
                <Property name="PointSize" type="App::PropertyFloatConstraint">
                    <Float value="2.000000000000"/>
                </Property>
                <Property name="Selectable" type="App::PropertyBool">
                    <Bool value="true"/>
                </Property>
                <Property name="ShapeColor" type="App::PropertyColor">
                    <PropertyColor value="3435973632"/>
                </Property>
                <Property name="ShapeMaterial" type="App::PropertyMaterial">
                    <PropertyMaterial ambientColor="858993408" diffuseColor="3435973632" specularColor="0" emissiveColor="0" shininess="0.200000002980" transparency="0.000000000000"/>
                </Property>
                <Property name="Transparency" type="App::PropertyPercent">
                    <Integer value="0"/>
                </Property>
                <Property name="Visibility" type="App::PropertyBool">
                    <Bool value="false"/>
                </Property>
            </Properties>
        </ViewProvider>
        <ViewProvider name="Fillet001" expanded="0">
            <Properties Count="18">
                <Property name="AngularDeflection" type="App::PropertyAngle">
                    <Float value="28.500000000000"/>
                </Property>
                <Property name="BoundingBox" type="App::PropertyBool">
                    <Bool value="false"/>
                </Property>
                <Property name="Deviation" type="App::PropertyFloatConstraint">
                    <Float value="0.500000000000"/>
                </Property>
                <Property name="DiffuseColor" type="App::PropertyColorList">
                    <ColorList file="DiffuseColor13"/>
                </Property>
                <Property name="DisplayMode" type="App::PropertyEnumeration">
                    <Integer value="0"/>
                </Property>
                <Property name="DrawStyle" type="App::PropertyEnumeration">
                    <Integer value="0"/>
                </Property>
                <Property name="Lighting" type="App::PropertyEnumeration">
                    <Integer value="1"/>
                </Property>
                <Property name="LineColor" type="App::PropertyColor">
                    <PropertyColor value="421075200"/>
                </Property>
                <Property name="LineMaterial" type="App::PropertyMaterial">
                    <PropertyMaterial ambientColor="858993408" diffuseColor="421075200" specularColor="0" emissiveColor="0" shininess="1.000000000000" transparency="0.000000000000"/>
                </Property>
                <Property name="LineWidth" type="App::PropertyFloatConstraint">
                    <Float value="2.000000000000"/>
                </Property>
                <Property name="PointColor" type="App::PropertyColor">
                    <PropertyColor value="421075200"/>
                </Property>
                <Property name="PointMaterial" type="App::PropertyMaterial">
                    <PropertyMaterial ambientColor="858993408" diffuseColor="421075200" specularColor="0" emissiveColor="0" shininess="1.000000000000" transparency="0.000000000000"/>
                </Property>
                <Property name="PointSize" type="App::PropertyFloatConstraint">
                    <Float value="2.000000000000"/>
                </Property>
                <Property name="Selectable" type="App::PropertyBool">
                    <Bool value="true"/>
                </Property>
                <Property name="ShapeColor" type="App::PropertyColor">
                    <PropertyColor value="3435973632"/>
                </Property>
                <Property name="ShapeMaterial" type="App::PropertyMaterial">
                    <PropertyMaterial ambientColor="858993408" diffuseColor="3435973632" specularColor="0" emissiveColor="0" shininess="0.200000002980" transparency="0.000000000000"/>
                </Property>
                <Property name="Transparency" type="App::PropertyPercent">
                    <Integer value="0"/>
                </Property>
                <Property name="Visibility" type="App::PropertyBool">
                    <Bool value="false"/>
                </Property>
            </Properties>
        </ViewProvider>
        <ViewProvider name="Fillet002" expanded="0">
            <Properties Count="18">
                <Property name="AngularDeflection" type="App::PropertyAngle">
                    <Float value="28.500000000000"/>
                </Property>
                <Property name="BoundingBox" type="App::PropertyBool">
                    <Bool value="false"/>
                </Property>
                <Property name="Deviation" type="App::PropertyFloatConstraint">
                    <Float value="0.500000000000"/>
                </Property>
                <Property name="DiffuseColor" type="App::PropertyColorList">
                    <ColorList file="DiffuseColor14"/>
                </Property>
                <Property name="DisplayMode" type="App::PropertyEnumeration">
                    <Integer value="0"/>
                </Property>
                <Property name="DrawStyle" type="App::PropertyEnumeration">
                    <Integer value="0"/>
                </Property>
                <Property name="Lighting" type="App::PropertyEnumeration">
                    <Integer value="1"/>
                </Property>
                <Property name="LineColor" type="App::PropertyColor">
                    <PropertyColor value="421075200"/>
                </Property>
                <Property name="LineMaterial" type="App::PropertyMaterial">
                    <PropertyMaterial ambientColor="858993408" diffuseColor="421075200" specularColor="0" emissiveColor="0" shininess="1.000000000000" transparency="0.000000000000"/>
                </Property>
                <Property name="LineWidth" type="App::PropertyFloatConstraint">
                    <Float value="2.000000000000"/>
                </Property>
                <Property name="PointColor" type="App::PropertyColor">
                    <PropertyColor value="421075200"/>
                </Property>
                <Property name="PointMaterial" type="App::PropertyMaterial">
                    <PropertyMaterial ambientColor="858993408" diffuseColor="421075200" specularColor="0" emissiveColor="0" shininess="1.000000000000" transparency="0.000000000000"/>
                </Property>
                <Property name="PointSize" type="App::PropertyFloatConstraint">
                    <Float value="2.000000000000"/>
                </Property>
                <Property name="Selectable" type="App::PropertyBool">
                    <Bool value="true"/>
                </Property>
                <Property name="ShapeColor" type="App::PropertyColor">
                    <PropertyColor value="3435973632"/>
                </Property>
                <Property name="ShapeMaterial" type="App::PropertyMaterial">
                    <PropertyMaterial ambientColor="858993408" diffuseColor="3435973632" specularColor="0" emissiveColor="0" shininess="0.200000002980" transparency="0.000000000000"/>
                </Property>
                <Property name="Transparency" type="App::PropertyPercent">
                    <Integer value="0"/>
                </Property>
                <Property name="Visibility" type="App::PropertyBool">
                    <Bool value="false"/>
                </Property>
            </Properties>
        </ViewProvider>
        <ViewProvider name="Fillet003" expanded="0">
            <Properties Count="18">
                <Property name="AngularDeflection" type="App::PropertyAngle">
                    <Float value="28.500000000000"/>
                </Property>
                <Property name="BoundingBox" type="App::PropertyBool">
                    <Bool value="false"/>
                </Property>
                <Property name="Deviation" type="App::PropertyFloatConstraint">
                    <Float value="0.500000000000"/>
                </Property>
                <Property name="DiffuseColor" type="App::PropertyColorList">
                    <ColorList file="DiffuseColor15"/>
                </Property>
                <Property name="DisplayMode" type="App::PropertyEnumeration">
                    <Integer value="0"/>
                </Property>
                <Property name="DrawStyle" type="App::PropertyEnumeration">
                    <Integer value="0"/>
                </Property>
                <Property name="Lighting" type="App::PropertyEnumeration">
                    <Integer value="1"/>
                </Property>
                <Property name="LineColor" type="App::PropertyColor">
                    <PropertyColor value="421075200"/>
                </Property>
                <Property name="LineMaterial" type="App::PropertyMaterial">
                    <PropertyMaterial ambientColor="858993408" diffuseColor="421075200" specularColor="0" emissiveColor="0" shininess="1.000000000000" transparency="0.000000000000"/>
                </Property>
                <Property name="LineWidth" type="App::PropertyFloatConstraint">
                    <Float value="2.000000000000"/>
                </Property>
                <Property name="PointColor" type="App::PropertyColor">
                    <PropertyColor value="421075200"/>
                </Property>
                <Property name="PointMaterial" type="App::PropertyMaterial">
                    <PropertyMaterial ambientColor="858993408" diffuseColor="421075200" specularColor="0" emissiveColor="0" shininess="1.000000000000" transparency="0.000000000000"/>
                </Property>
                <Property name="PointSize" type="App::PropertyFloatConstraint">
                    <Float value="2.000000000000"/>
                </Property>
                <Property name="Selectable" type="App::PropertyBool">
                    <Bool value="true"/>
                </Property>
                <Property name="ShapeColor" type="App::PropertyColor">
                    <PropertyColor value="3435973632"/>
                </Property>
                <Property name="ShapeMaterial" type="App::PropertyMaterial">
                    <PropertyMaterial ambientColor="858993408" diffuseColor="3435973632" specularColor="0" emissiveColor="0" shininess="0.200000002980" transparency="0.000000000000"/>
                </Property>
                <Property name="Transparency" type="App::PropertyPercent">
                    <Integer value="0"/>
                </Property>
                <Property name="Visibility" type="App::PropertyBool">
                    <Bool value="false"/>
                </Property>
            </Properties>
        </ViewProvider>
        <ViewProvider name="Sketch003" expanded="0">
            <Properties Count="24">
                <Property name="AngularDeflection" type="App::PropertyAngle">
                    <Float value="28.500000000000"/>
                </Property>
                <Property name="Autoconstraints" type="App::PropertyBool">
                    <Bool value="true"/>
                </Property>
                <Property name="BoundingBox" type="App::PropertyBool">
                    <Bool value="false"/>
                </Property>
                <Property name="Deviation" type="App::PropertyFloatConstraint">
                    <Float value="0.500000000000"/>
                </Property>
                <Property name="DiffuseColor" type="App::PropertyColorList">
                    <ColorList file="DiffuseColor16"/>
                </Property>
                <Property name="DisplayMode" type="App::PropertyEnumeration">
                    <Integer value="1"/>
                </Property>
                <Property name="DrawStyle" type="App::PropertyEnumeration">
                    <Integer value="0"/>
                </Property>
                <Property name="GridSize" type="App::PropertyLength">
                    <Float value="11.000000000000"/>
                </Property>
                <Property name="GridSnap" type="App::PropertyBool">
                    <Bool value="false"/>
                </Property>
                <Property name="GridStyle" type="App::PropertyEnumeration">
                    <Integer value="0"/>
                </Property>
                <Property name="Lighting" type="App::PropertyEnumeration">
                    <Integer value="1"/>
                </Property>
                <Property name="LineColor" type="App::PropertyColor">
                    <PropertyColor value="4294967295"/>
                </Property>
                <Property name="LineMaterial" type="App::PropertyMaterial">
                    <PropertyMaterial ambientColor="858993408" diffuseColor="4294967295" specularColor="0" emissiveColor="0" shininess="1.000000000000" transparency="0.000000000000"/>
                </Property>
                <Property name="LineWidth" type="App::PropertyFloatConstraint">
                    <Float value="2.000000000000"/>
                </Property>
                <Property name="PointColor" type="App::PropertyColor">
                    <PropertyColor value="4294967295"/>
                </Property>
                <Property name="PointMaterial" type="App::PropertyMaterial">
                    <PropertyMaterial ambientColor="858993408" diffuseColor="4294967295" specularColor="0" emissiveColor="0" shininess="1.000000000000" transparency="0.000000000000"/>
                </Property>
                <Property name="PointSize" type="App::PropertyFloatConstraint">
                    <Float value="4.000000000000"/>
                </Property>
                <Property name="Selectable" type="App::PropertyBool">
                    <Bool value="true"/>
                </Property>
                <Property name="ShapeColor" type="App::PropertyColor">
                    <PropertyColor value="3435973632"/>
                </Property>
                <Property name="ShapeMaterial" type="App::PropertyMaterial">
                    <PropertyMaterial ambientColor="858993408" diffuseColor="3435973632" specularColor="0" emissiveColor="0" shininess="0.200000002980" transparency="0.000000000000"/>
                </Property>
                <Property name="ShowGrid" type="App::PropertyBool">
                    <Bool value="false"/>
                </Property>
                <Property name="TightGrid" type="App::PropertyBool">
                    <Bool value="true"/>
                </Property>
                <Property name="Transparency" type="App::PropertyPercent">
                    <Integer value="0"/>
                </Property>
                <Property name="Visibility" type="App::PropertyBool">
                    <Bool value="false"/>
                </Property>
            </Properties>
        </ViewProvider>
        <ViewProvider name="Sketch" expanded="0">
            <Properties Count="24">
                <Property name="AngularDeflection" type="App::PropertyAngle">
                    <Float value="28.500000000000"/>
                </Property>
                <Property name="Autoconstraints" type="App::PropertyBool">
                    <Bool value="true"/>
                </Property>
                <Property name="BoundingBox" type="App::PropertyBool">
                    <Bool value="false"/>
                </Property>
                <Property name="Deviation" type="App::PropertyFloatConstraint">
                    <Float value="0.500000000000"/>
                </Property>
                <Property name="DiffuseColor" type="App::PropertyColorList">
                    <ColorList file="DiffuseColor17"/>
                </Property>
                <Property name="DisplayMode" type="App::PropertyEnumeration">
                    <Integer value="1"/>
                </Property>
                <Property name="DrawStyle" type="App::PropertyEnumeration">
                    <Integer value="0"/>
                </Property>
                <Property name="GridSize" type="App::PropertyLength">
                    <Float value="20.000000000000"/>
                </Property>
                <Property name="GridSnap" type="App::PropertyBool">
                    <Bool value="false"/>
                </Property>
                <Property name="GridStyle" type="App::PropertyEnumeration">
                    <Integer value="0"/>
                </Property>
                <Property name="Lighting" type="App::PropertyEnumeration">
                    <Integer value="1"/>
                </Property>
                <Property name="LineColor" type="App::PropertyColor">
                    <PropertyColor value="4294967295"/>
                </Property>
                <Property name="LineMaterial" type="App::PropertyMaterial">
                    <PropertyMaterial ambientColor="858993408" diffuseColor="4294967295" specularColor="0" emissiveColor="0" shininess="1.000000000000" transparency="0.000000000000"/>
                </Property>
                <Property name="LineWidth" type="App::PropertyFloatConstraint">
                    <Float value="2.000000000000"/>
                </Property>
                <Property name="PointColor" type="App::PropertyColor">
                    <PropertyColor value="4294967295"/>
                </Property>
                <Property name="PointMaterial" type="App::PropertyMaterial">
                    <PropertyMaterial ambientColor="858993408" diffuseColor="4294967295" specularColor="0" emissiveColor="0" shininess="1.000000000000" transparency="0.000000000000"/>
                </Property>
                <Property name="PointSize" type="App::PropertyFloatConstraint">
                    <Float value="4.000000000000"/>
                </Property>
                <Property name="Selectable" type="App::PropertyBool">
                    <Bool value="true"/>
                </Property>
                <Property name="ShapeColor" type="App::PropertyColor">
                    <PropertyColor value="3435973632"/>
                </Property>
                <Property name="ShapeMaterial" type="App::PropertyMaterial">
                    <PropertyMaterial ambientColor="858993408" diffuseColor="3435973632" specularColor="0" emissiveColor="0" shininess="0.200000002980" transparency="0.000000000000"/>
                </Property>
                <Property name="ShowGrid" type="App::PropertyBool">
                    <Bool value="false"/>
                </Property>
                <Property name="TightGrid" type="App::PropertyBool">
                    <Bool value="true"/>
                </Property>
                <Property name="Transparency" type="App::PropertyPercent">
                    <Integer value="0"/>
                </Property>
                <Property name="Visibility" type="App::PropertyBool">
                    <Bool value="false"/>
                </Property>
            </Properties>
        </ViewProvider>
        <ViewProvider name="Sketch001" expanded="0">
            <Properties Count="24">
                <Property name="AngularDeflection" type="App::PropertyAngle">
                    <Float value="28.500000000000"/>
                </Property>
                <Property name="Autoconstraints" type="App::PropertyBool">
                    <Bool value="true"/>
                </Property>
                <Property name="BoundingBox" type="App::PropertyBool">
                    <Bool value="false"/>
                </Property>
                <Property name="Deviation" type="App::PropertyFloatConstraint">
                    <Float value="0.500000000000"/>
                </Property>
                <Property name="DiffuseColor" type="App::PropertyColorList">
                    <ColorList file="DiffuseColor18"/>
                </Property>
                <Property name="DisplayMode" type="App::PropertyEnumeration">
                    <Integer value="1"/>
                </Property>
                <Property name="DrawStyle" type="App::PropertyEnumeration">
                    <Integer value="0"/>
                </Property>
                <Property name="GridSize" type="App::PropertyLength">
                    <Float value="20.000000000000"/>
                </Property>
                <Property name="GridSnap" type="App::PropertyBool">
                    <Bool value="false"/>
                </Property>
                <Property name="GridStyle" type="App::PropertyEnumeration">
                    <Integer value="0"/>
                </Property>
                <Property name="Lighting" type="App::PropertyEnumeration">
                    <Integer value="1"/>
                </Property>
                <Property name="LineColor" type="App::PropertyColor">
                    <PropertyColor value="4294967295"/>
                </Property>
                <Property name="LineMaterial" type="App::PropertyMaterial">
                    <PropertyMaterial ambientColor="858993408" diffuseColor="4294967295" specularColor="0" emissiveColor="0" shininess="1.000000000000" transparency="0.000000000000"/>
                </Property>
                <Property name="LineWidth" type="App::PropertyFloatConstraint">
                    <Float value="2.000000000000"/>
                </Property>
                <Property name="PointColor" type="App::PropertyColor">
                    <PropertyColor value="4294967295"/>
                </Property>
                <Property name="PointMaterial" type="App::PropertyMaterial">
                    <PropertyMaterial ambientColor="858993408" diffuseColor="4294967295" specularColor="0" emissiveColor="0" shininess="1.000000000000" transparency="0.000000000000"/>
                </Property>
                <Property name="PointSize" type="App::PropertyFloatConstraint">
                    <Float value="4.000000000000"/>
                </Property>
                <Property name="Selectable" type="App::PropertyBool">
                    <Bool value="true"/>
                </Property>
                <Property name="ShapeColor" type="App::PropertyColor">
                    <PropertyColor value="3435973632"/>
                </Property>
                <Property name="ShapeMaterial" type="App::PropertyMaterial">
                    <PropertyMaterial ambientColor="858993408" diffuseColor="3435973632" specularColor="0" emissiveColor="0" shininess="0.200000002980" transparency="0.000000000000"/>
                </Property>
                <Property name="ShowGrid" type="App::PropertyBool">
                    <Bool value="false"/>
                </Property>
                <Property name="TightGrid" type="App::PropertyBool">
                    <Bool value="true"/>
                </Property>
                <Property name="Transparency" type="App::PropertyPercent">
                    <Integer value="0"/>
                </Property>
                <Property name="Visibility" type="App::PropertyBool">
                    <Bool value="false"/>
                </Property>
            </Properties>
        </ViewProvider>
        <ViewProvider name="Sketch002" expanded="0">
            <Properties Count="24">
                <Property name="AngularDeflection" type="App::PropertyAngle">
                    <Float value="28.500000000000"/>
                </Property>
                <Property name="Autoconstraints" type="App::PropertyBool">
                    <Bool value="true"/>
                </Property>
                <Property name="BoundingBox" type="App::PropertyBool">
                    <Bool value="false"/>
                </Property>
                <Property name="Deviation" type="App::PropertyFloatConstraint">
                    <Float value="0.500000000000"/>
                </Property>
                <Property name="DiffuseColor" type="App::PropertyColorList">
                    <ColorList file="DiffuseColor19"/>
                </Property>
                <Property name="DisplayMode" type="App::PropertyEnumeration">
                    <Integer value="1"/>
                </Property>
                <Property name="DrawStyle" type="App::PropertyEnumeration">
                    <Integer value="0"/>
                </Property>
                <Property name="GridSize" type="App::PropertyLength">
                    <Float value="11.000000000000"/>
                </Property>
                <Property name="GridSnap" type="App::PropertyBool">
                    <Bool value="false"/>
                </Property>
                <Property name="GridStyle" type="App::PropertyEnumeration">
                    <Integer value="0"/>
                </Property>
                <Property name="Lighting" type="App::PropertyEnumeration">
                    <Integer value="1"/>
                </Property>
                <Property name="LineColor" type="App::PropertyColor">
                    <PropertyColor value="4294967295"/>
                </Property>
                <Property name="LineMaterial" type="App::PropertyMaterial">
                    <PropertyMaterial ambientColor="858993408" diffuseColor="4294967295" specularColor="0" emissiveColor="0" shininess="1.000000000000" transparency="0.000000000000"/>
                </Property>
                <Property name="LineWidth" type="App::PropertyFloatConstraint">
                    <Float value="2.000000000000"/>
                </Property>
                <Property name="PointColor" type="App::PropertyColor">
                    <PropertyColor value="4294967295"/>
                </Property>
                <Property name="PointMaterial" type="App::PropertyMaterial">
                    <PropertyMaterial ambientColor="858993408" diffuseColor="4294967295" specularColor="0" emissiveColor="0" shininess="1.000000000000" transparency="0.000000000000"/>
                </Property>
                <Property name="PointSize" type="App::PropertyFloatConstraint">
                    <Float value="4.000000000000"/>
                </Property>
                <Property name="Selectable" type="App::PropertyBool">
                    <Bool value="true"/>
                </Property>
                <Property name="ShapeColor" type="App::PropertyColor">
                    <PropertyColor value="3435973632"/>
                </Property>
                <Property name="ShapeMaterial" type="App::PropertyMaterial">
                    <PropertyMaterial ambientColor="858993408" diffuseColor="3435973632" specularColor="0" emissiveColor="0" shininess="0.200000002980" transparency="0.000000000000"/>
                </Property>
                <Property name="ShowGrid" type="App::PropertyBool">
                    <Bool value="false"/>
                </Property>
                <Property name="TightGrid" type="App::PropertyBool">
                    <Bool value="true"/>
                </Property>
                <Property name="Transparency" type="App::PropertyPercent">
                    <Integer value="0"/>
                </Property>
                <Property name="Visibility" type="App::PropertyBool">
                    <Bool value="false"/>
                </Property>
            </Properties>
        </ViewProvider>
        <ViewProvider name="Sketch006" expanded="0">
            <Properties Count="24">
                <Property name="AngularDeflection" type="App::PropertyAngle">
                    <Float value="28.500000000000"/>
                </Property>
                <Property name="Autoconstraints" type="App::PropertyBool">
                    <Bool value="true"/>
                </Property>
                <Property name="BoundingBox" type="App::PropertyBool">
                    <Bool value="false"/>
                </Property>
                <Property name="Deviation" type="App::PropertyFloatConstraint">
                    <Float value="0.500000000000"/>
                </Property>
                <Property name="DiffuseColor" type="App::PropertyColorList">
                    <ColorList file="DiffuseColor20"/>
                </Property>
                <Property name="DisplayMode" type="App::PropertyEnumeration">
                    <Integer value="1"/>
                </Property>
                <Property name="DrawStyle" type="App::PropertyEnumeration">
                    <Integer value="0"/>
                </Property>
                <Property name="GridSize" type="App::PropertyLength">
                    <Float value="10.000000000000"/>
                </Property>
                <Property name="GridSnap" type="App::PropertyBool">
                    <Bool value="false"/>
                </Property>
                <Property name="GridStyle" type="App::PropertyEnumeration">
                    <Integer value="0"/>
                </Property>
                <Property name="Lighting" type="App::PropertyEnumeration">
                    <Integer value="1"/>
                </Property>
                <Property name="LineColor" type="App::PropertyColor">
                    <PropertyColor value="4294967295"/>
                </Property>
                <Property name="LineMaterial" type="App::PropertyMaterial">
                    <PropertyMaterial ambientColor="858993408" diffuseColor="4294967295" specularColor="0" emissiveColor="0" shininess="1.000000000000" transparency="0.000000000000"/>
                </Property>
                <Property name="LineWidth" type="App::PropertyFloatConstraint">
                    <Float value="2.000000000000"/>
                </Property>
                <Property name="PointColor" type="App::PropertyColor">
                    <PropertyColor value="4294967295"/>
                </Property>
                <Property name="PointMaterial" type="App::PropertyMaterial">
                    <PropertyMaterial ambientColor="858993408" diffuseColor="4294967295" specularColor="0" emissiveColor="0" shininess="1.000000000000" transparency="0.000000000000"/>
                </Property>
                <Property name="PointSize" type="App::PropertyFloatConstraint">
                    <Float value="4.000000000000"/>
                </Property>
                <Property name="Selectable" type="App::PropertyBool">
                    <Bool value="true"/>
                </Property>
                <Property name="ShapeColor" type="App::PropertyColor">
                    <PropertyColor value="3435973632"/>
                </Property>
                <Property name="ShapeMaterial" type="App::PropertyMaterial">
                    <PropertyMaterial ambientColor="858993408" diffuseColor="3435973632" specularColor="0" emissiveColor="0" shininess="0.200000002980" transparency="0.000000000000"/>
                </Property>
                <Property name="ShowGrid" type="App::PropertyBool">
                    <Bool value="false"/>
                </Property>
                <Property name="TightGrid" type="App::PropertyBool">
                    <Bool value="true"/>
                </Property>
                <Property name="Transparency" type="App::PropertyPercent">
                    <Integer value="0"/>
                </Property>
                <Property name="Visibility" type="App::PropertyBool">
                    <Bool value="false"/>
                </Property>
            </Properties>
        </ViewProvider>
        <ViewProvider name="Sketch004" expanded="0">
            <Properties Count="24">
                <Property name="AngularDeflection" type="App::PropertyAngle">
                    <Float value="28.500000000000"/>
                </Property>
                <Property name="Autoconstraints" type="App::PropertyBool">
                    <Bool value="true"/>
                </Property>
                <Property name="BoundingBox" type="App::PropertyBool">
                    <Bool value="false"/>
                </Property>
                <Property name="Deviation" type="App::PropertyFloatConstraint">
                    <Float value="0.500000000000"/>
                </Property>
                <Property name="DiffuseColor" type="App::PropertyColorList">
                    <ColorList file="DiffuseColor21"/>
                </Property>
                <Property name="DisplayMode" type="App::PropertyEnumeration">
                    <Integer value="1"/>
                </Property>
                <Property name="DrawStyle" type="App::PropertyEnumeration">
                    <Integer value="0"/>
                </Property>
                <Property name="GridSize" type="App::PropertyLength">
                    <Float value="9.000000000000"/>
                </Property>
                <Property name="GridSnap" type="App::PropertyBool">
                    <Bool value="false"/>
                </Property>
                <Property name="GridStyle" type="App::PropertyEnumeration">
                    <Integer value="0"/>
                </Property>
                <Property name="Lighting" type="App::PropertyEnumeration">
                    <Integer value="1"/>
                </Property>
                <Property name="LineColor" type="App::PropertyColor">
                    <PropertyColor value="4294967295"/>
                </Property>
                <Property name="LineMaterial" type="App::PropertyMaterial">
                    <PropertyMaterial ambientColor="858993408" diffuseColor="4294967295" specularColor="0" emissiveColor="0" shininess="1.000000000000" transparency="0.000000000000"/>
                </Property>
                <Property name="LineWidth" type="App::PropertyFloatConstraint">
                    <Float value="2.000000000000"/>
                </Property>
                <Property name="PointColor" type="App::PropertyColor">
                    <PropertyColor value="4294967295"/>
                </Property>
                <Property name="PointMaterial" type="App::PropertyMaterial">
                    <PropertyMaterial ambientColor="858993408" diffuseColor="4294967295" specularColor="0" emissiveColor="0" shininess="1.000000000000" transparency="0.000000000000"/>
                </Property>
                <Property name="PointSize" type="App::PropertyFloatConstraint">
                    <Float value="4.000000000000"/>
                </Property>
                <Property name="Selectable" type="App::PropertyBool">
                    <Bool value="true"/>
                </Property>
                <Property name="ShapeColor" type="App::PropertyColor">
                    <PropertyColor value="3435973632"/>
                </Property>
                <Property name="ShapeMaterial" type="App::PropertyMaterial">
                    <PropertyMaterial ambientColor="858993408" diffuseColor="3435973632" specularColor="0" emissiveColor="0" shininess="0.200000002980" transparency="0.000000000000"/>
                </Property>
                <Property name="ShowGrid" type="App::PropertyBool">
                    <Bool value="false"/>
                </Property>
                <Property name="TightGrid" type="App::PropertyBool">
                    <Bool value="true"/>
                </Property>
                <Property name="Transparency" type="App::PropertyPercent">
                    <Integer value="0"/>
                </Property>
                <Property name="Visibility" type="App::PropertyBool">
                    <Bool value="false"/>
                </Property>
            </Properties>
        </ViewProvider>
        <ViewProvider name="Pocket005" expanded="0">
            <Properties Count="18">
                <Property name="AngularDeflection" type="App::PropertyAngle">
                    <Float value="28.500000000000"/>
                </Property>
                <Property name="BoundingBox" type="App::PropertyBool">
                    <Bool value="false"/>
                </Property>
                <Property name="Deviation" type="App::PropertyFloatConstraint">
                    <Float value="0.500000000000"/>
                </Property>
                <Property name="DiffuseColor" type="App::PropertyColorList">
                    <ColorList file="DiffuseColor22"/>
                </Property>
                <Property name="DisplayMode" type="App::PropertyEnumeration">
                    <Integer value="0"/>
                </Property>
                <Property name="DrawStyle" type="App::PropertyEnumeration">
                    <Integer value="0"/>
                </Property>
                <Property name="Lighting" type="App::PropertyEnumeration">
                    <Integer value="1"/>
                </Property>
                <Property name="LineColor" type="App::PropertyColor">
                    <PropertyColor value="421075200"/>
                </Property>
                <Property name="LineMaterial" type="App::PropertyMaterial">
                    <PropertyMaterial ambientColor="858993408" diffuseColor="421075200" specularColor="0" emissiveColor="0" shininess="1.000000000000" transparency="0.000000000000"/>
                </Property>
                <Property name="LineWidth" type="App::PropertyFloatConstraint">
                    <Float value="2.000000000000"/>
                </Property>
                <Property name="PointColor" type="App::PropertyColor">
                    <PropertyColor value="421075200"/>
                </Property>
                <Property name="PointMaterial" type="App::PropertyMaterial">
                    <PropertyMaterial ambientColor="858993408" diffuseColor="421075200" specularColor="0" emissiveColor="0" shininess="1.000000000000" transparency="0.000000000000"/>
                </Property>
                <Property name="PointSize" type="App::PropertyFloatConstraint">
                    <Float value="2.000000000000"/>
                </Property>
                <Property name="Selectable" type="App::PropertyBool">
                    <Bool value="true"/>
                </Property>
                <Property name="ShapeColor" type="App::PropertyColor">
                    <PropertyColor value="3435973632"/>
                </Property>
                <Property name="ShapeMaterial" type="App::PropertyMaterial">
                    <PropertyMaterial ambientColor="858993408" diffuseColor="3435973632" specularColor="0" emissiveColor="0" shininess="0.200000002980" transparency="0.000000000000"/>
                </Property>
                <Property name="Transparency" type="App::PropertyPercent">
                    <Integer value="0"/>
                </Property>
                <Property name="Visibility" type="App::PropertyBool">
                    <Bool value="true"/>
                </Property>
            </Properties>
        </ViewProvider>
        <ViewProvider name="Pocket004" expanded="0">
            <Properties Count="18">
                <Property name="AngularDeflection" type="App::PropertyAngle">
                    <Float value="28.500000000000"/>
                </Property>
                <Property name="BoundingBox" type="App::PropertyBool">
                    <Bool value="false"/>
                </Property>
                <Property name="Deviation" type="App::PropertyFloatConstraint">
                    <Float value="0.500000000000"/>
                </Property>
                <Property name="DiffuseColor" type="App::PropertyColorList">
                    <ColorList file="DiffuseColor23"/>
                </Property>
                <Property name="DisplayMode" type="App::PropertyEnumeration">
                    <Integer value="0"/>
                </Property>
                <Property name="DrawStyle" type="App::PropertyEnumeration">
                    <Integer value="0"/>
                </Property>
                <Property name="Lighting" type="App::PropertyEnumeration">
                    <Integer value="1"/>
                </Property>
                <Property name="LineColor" type="App::PropertyColor">
                    <PropertyColor value="421075200"/>
                </Property>
                <Property name="LineMaterial" type="App::PropertyMaterial">
                    <PropertyMaterial ambientColor="858993408" diffuseColor="421075200" specularColor="0" emissiveColor="0" shininess="1.000000000000" transparency="0.000000000000"/>
                </Property>
                <Property name="LineWidth" type="App::PropertyFloatConstraint">
                    <Float value="2.000000000000"/>
                </Property>
                <Property name="PointColor" type="App::PropertyColor">
                    <PropertyColor value="421075200"/>
                </Property>
                <Property name="PointMaterial" type="App::PropertyMaterial">
                    <PropertyMaterial ambientColor="858993408" diffuseColor="421075200" specularColor="0" emissiveColor="0" shininess="1.000000000000" transparency="0.000000000000"/>
                </Property>
                <Property name="PointSize" type="App::PropertyFloatConstraint">
                    <Float value="2.000000000000"/>
                </Property>
                <Property name="Selectable" type="App::PropertyBool">
                    <Bool value="true"/>
                </Property>
                <Property name="ShapeColor" type="App::PropertyColor">
                    <PropertyColor value="3435973632"/>
                </Property>
                <Property name="ShapeMaterial" type="App::PropertyMaterial">
                    <PropertyMaterial ambientColor="858993408" diffuseColor="3435973632" specularColor="0" emissiveColor="0" shininess="0.200000002980" transparency="0.000000000000"/>
                </Property>
                <Property name="Transparency" type="App::PropertyPercent">
                    <Integer value="0"/>
                </Property>
                <Property name="Visibility" type="App::PropertyBool">
                    <Bool value="false"/>
                </Property>
            </Properties>
        </ViewProvider>
    </ViewProviderData>
    <Camera settings="  OrthographicCamera {   viewportMapping ADJUST_CAMERA   position -13.25821 -80.343262 9.0657368   orientation 0.95660549 -0.28492406 0.061026145  1.3616943   nearDistance 34.269146   farDistance 122.06314   aspectRatio 1   focalDistance 87   height 175.29613  } "/>
</Document>
